question_id,conversation,question,question_type,label,prediction,correct,gold_start,gold_end,pred_start,pred_end,tiou,gold_text,pred_text,latency_ms,failure,start_error_s,end_error_s,duration_ratio,word_oracle,candidate_oracle,baseline_tiou,pre_alignment_tiou,aligned_word_oracle,error_bucket
sample_4_yes_q03,sample_4,Did the patient attend for an annual asthma follow-up?,positive,1,1,1,21.62,26.24,22.19,24.14,0.42207792207792216,"this is your annual follow -up. It is, for the asthma.",this is your annual follow -up.,,,0.5700000000000003,-2.099999999999998,0.42207792207792216,0.9183673469387758,0.44588744588744583,,0.44588744588744583,,too_narrow
sample_4_yes_q07,sample_4,Is the heart examination without abnormal findings?,positive,1,1,1,43.5,44.98,40.62,44.84,0.3073394495412852,abnormal to report.,chest and heart both sound normal. Nothing abnormal to report.,,,-2.8800000000000026,-0.13999999999999346,2.8513513513513615,0.6891891891891928,0.25726141078838216,,0.25726141078838216,,too_wide
sample_4_yes_q06,sample_4,Was the patient listened to with a stethoscope?,positive,1,0,0,28.520000000000003,42.72,,,0.0,"Let me listen to your chest and your heart, and then we will talk. Go ahead. Breathe normally for me. And again. Is it alright? Your chest and heart both sound normal.",,,,,,,0.9873239436619721,,,,,false_negative
sample_4_yes_q05,sample_4,Were the lungs found to be normal on auscultation?,positive,1,1,1,40.68,44.98,40.62,44.84,0.9541284403669734,chest and heart both sound normal. Nothing abnormal to report.,chest and heart both sound normal. Nothing abnormal to report.,,,-0.060000000000002274,-0.13999999999999346,0.9813953488372114,0.9348837209302339,0.8423236514522826,,0.8423236514522826,,strong
sample_4_yes_q02,sample_4,Are the patient's asthma findings stable at this visit?,positive,1,1,1,51.48,54.4,50.16,54.42,0.6854460093896709,is what a stable annual check looks like.,has. This is what a stable annual check looks like.,,,-1.3200000000000003,0.020000000000003126,1.458904109589042,0.9315068493150676,0.8452380952380963,,0.6042553191489375,,boundary_shift_or_partial
sample_4_hard_no_q01,sample_4,Should the asthma medication dose be increased?,hard_negative,0,0,1,,,,,,,,,,,,,,,,,,correct_no
sample_4_yes_q01,sample_4,Will the current treatment continue unchanged?,positive,1,1,1,55.64,61.64,57.75,60.96,0.5350000000000001,happens with my treatment? No changes. You carry on exactly as you are.,changes. You carry on exactly as you are.,,,2.1099999999999994,-0.6799999999999997,0.5350000000000001,0.9256965944272451,0.5766666666666668,,0.5766666666666668,,too_narrow
sample_4_yes_q04,sample_4,Does the visit concern asthma?,positive,1,1,1,24.88,26.24,24.66,26.22,0.8481012658227857,"is, for the asthma.","It is, for the asthma.",,,-0.21999999999999886,-0.019999999999999574,1.1470588235294112,0.808823529411766,0.7126436781609213,,0.7126436781609213,,boundary_shift_or_partial
sample_4_off_topic_q01,sample_4,Is there any discussion about cooking?,off_topic,0,0,1,,,,,,,,,,,,,,,,,,correct_no
sample_4_hard_no_q02,sample_4,Has an irregular heart rhythm been found?,hard_negative,0,0,1,,,,,,,,,,,,,,,,,,correct_no
sample_5_yes_q01,sample_5,Does the patient take pantoprazole for reflux?,positive,1,1,1,47.08,52.84,50.09,52.84,0.47743055555555514,then the anti -inflammatory gave me reflux on top. Which is why you are on pantoprazole for that.,is why you are on pantoprazole for that.,,,3.010000000000005,0.0,0.47743055555555514,0.9687500000000001,0.9158576051779931,,0.5104166666666671,,too_narrow
sample_5_hard_no_q02,sample_5,Did the back pain begin after surgery for a lumbar disc prolapse?,hard_negative,0,0,1,,,,,,,,,,,,,,,,,,correct_no
sample_5_hard_no_q01,sample_5,Have the pains in the hands been attributed to gout?,hard_negative,0,0,1,,,,,,,,,,,,,,,,,,correct_no
sample_5_yes_q05,sample_5,Is the patient still in pain despite regular Ibumetin and Panodil?,positive,1,1,1,36.42,41.58,36.26,44.82,0.6028037383177565,pain has just carried on regardless. Despite taking the ibumetin and the panadil,"the pain has just carried on regardless. Despite taking the ibumetin and the panadil regularly? Despite both, and I do take them properly.",,,-0.1600000000000037,3.240000000000002,1.6589147286821722,0.9845559845559849,0.6128266033254152,,0.5489361702127656,,too_wide
sample_5_yes_q02,sample_5,Will the NSAID treatment be continued under cover of a proton pump inhibitor?,positive,1,1,1,142.44,147.88,143.66,147.88,0.7757352941176472,"the pain, you continue the anti -inflammatory with the stomach protection alongside it.",continue the anti -inflammatory with the stomach protection alongside it.,,,1.2199999999999989,0.0,0.7757352941176472,0.9558823529411747,0.9270833333333354,,0.841911764705885,,boundary_shift_or_partial
sample_5_yes_q06,sample_5,Did the patient undergo surgery for a cervical disc prolapse in 2017?,positive,1,1,1,32.06,34.98,31.16,34.88,0.7382198952879588,"cervical disc prolapse, operated in 2017.","is right, the cervical disc prolapse, operated in 2017.",,,-0.9000000000000021,-0.09999999999999432,1.2739726027397291,0.9251700680272112,0.8717948717948721,,0.6445497630331758,,boundary_shift_or_partial
sample_5_off_topic_q02,sample_5,Does the conversation mention the patient owning a digital camera?,off_topic,0,0,1,,,,,,,,,,,,,,,,,,correct_no
sample_5_yes_q03,sample_5,Was muscle tension found in the neck and shoulders?,positive,1,1,1,102.68,105.42,102.21,105.44,0.8482972136222884,can feel muscle tension in your neck and shoulders,i can feel muscle tension in your neck and shoulders,,,-0.4700000000000131,0.01999999999999602,1.178832116788325,0.9416058394160596,0.7471910112359537,,0.7471910112359537,,boundary_shift_or_partial
sample_5_yes_q04,sample_5,Are the menopausal symptoms treated with Activelle?,positive,1,1,1,70.44,73.82,70.73,73.8,0.9082840236686383,"the menopausal symptoms, which you are taking Activel for.","menopausal symptoms, which you are taking Activel for.",,,0.29000000000000625,-0.01999999999999602,0.9082840236686383,0.9532163742690108,0.9532163742690108,,0.9532163742690108,,strong
sample_5_off_topic_q01,sample_5,Is the patient discussing owning a cat?,off_topic,0,0,1,,,,,,,,,,,,,,,,,,correct_no
sample_6_yes_q03,sample_6,Was the patient's voice noted to sound congested?,positive,1,1,1,24.4,26.34,24.46,26.38,0.9494949494949488,You do sound congested.,You do sound congested.,,,0.060000000000002274,0.03999999999999915,0.9896907216494829,0.9038461538461559,0.9038461538461559,,0.9038461538461559,,strong
sample_6_hard_no_q02,sample_6,Should the fungal infection be treated with Brentan gel?,hard_negative,0,0,1,,,,,,,,,,,,,,,,,,correct_no
sample_6_off_topic_q01,sample_6,Does the patient talk about needing a new vehicle for their daily commute?,off_topic,0,0,1,,,,,,,,,,,,,,,,,,correct_no
sample_6_yes_q04,sample_6,Are four daily doses of one million IU of penicillin planned?,positive,1,1,1,62.9,69.68,65.42,69.66,0.6253687315634203,"the sinuses, penicillin. One million international units, four times daily, for seven days.","million international units, four times daily, for seven days.",,,2.520000000000003,-0.020000000000010232,0.6253687315634203,0.958702064896754,0.6784660766961657,,0.6784660766961657,,too_narrow
sample_6_yes_q05,sample_6,Does the patient also have a fungal infection in the mouth?,positive,1,1,1,72.96,77.6,12.84,14.96,0.0,"And fluconazole, 50 milligrams, for seven days, for the mouth.",And I have got thrush in my mouth as well.,,,-60.11999999999999,-62.63999999999999,0.45689655172413807,0.9310344827586222,0.0,,0.0,,nonoverlap_review_occurrence
sample_6_yes_q07,sample_6,Did the patient ask for penicillin?,positive,1,1,1,17.9,19.18,17.74,19.24,0.853333333333334,want penicillin for it.,I want penicillin for it.,,,-0.16000000000000014,0.05999999999999872,1.171874999999999,0.8437500000000007,0.7750000000000006,,0.7750000000000006,,boundary_shift_or_partial
sample_6_yes_q01,sample_6,Will the patient take Fluconazole 50 mg?,positive,1,1,1,73.52,77.6,73.65,77.64,0.958737864077666,"fluconazole, 50 milligrams, for seven days, for the mouth.","fluconazole, 50 milligrams, for seven days, for the mouth.",,,0.13000000000000966,0.04000000000000625,0.9779411764705874,0.931372549019611,0.9178082191780855,,0.9178082191780855,,strong
sample_6_hard_no_q01,sample_6,Does the patient want to avoid antibiotics?,hard_negative,0,0,1,,,,,,,,,,,,,,,,,,correct_no
sample_6_yes_q02,sample_6,Is the patient complaining of sinus symptoms?,positive,1,1,1,9.06,12.28,9.05,12.3,0.9907692307692304,"sinuses. Blocked, aching, the whole business.","sinuses. Blocked, aching, the whole business.",,,-0.009999999999999787,0.02000000000000135,1.0093167701863357,0.9440993788819877,0.8770949720670388,,0.8770949720670388,,strong
sample_6_yes_q06,sample_6,Has penicillin been prescribed for seven days?,positive,1,1,1,64.18,69.68,65.42,69.66,0.77090909090909,"penicillin. One million international units, four times daily, for seven days.","million international units, four times daily, for seven days.",,,1.2399999999999949,-0.020000000000010232,0.77090909090909,0.9275862068965502,0.8363636363636379,,0.8363636363636379,,boundary_shift_or_partial
sample_10_hard_no_q01,sample_10,Has the doctor found the condition to be unstable?,hard_negative,0,0,1,,,,,,,,,,,,,,,,,,correct_no
sample_10_hard_no_q04,sample_10,Did the patient report new breathing symptoms?,hard_negative,0,0,1,,,,,,,,,,,,,,,,,,correct_no
sample_10_yes_q01,sample_10,Does the patient need continued treatment?,positive,1,1,1,63.18,64.58,62.98,65.22,0.6249999999999988,do need to continue the treatment,You do need to continue the treatment you are on.,,,-0.20000000000000284,0.6400000000000006,1.600000000000003,0.8428571428571486,0.5882352941176459,,0.5882352941176459,,too_wide
sample_10_off_topic_q02,sample_10,Did the patient mention owning a specific pet?,off_topic,0,0,1,,,,,,,,,,,,,,,,,,correct_no
sample_10_off_topic_q01,sample_10,Was any problem with housing discussed?,off_topic,0,0,1,,,,,,,,,,,,,,,,,,correct_no
sample_10_hard_no_q05,sample_10,Is the stomach acid medication being discontinued?,hard_negative,0,0,1,,,,,,,,,,,,,,,,,,correct_no
sample_10_hard_no_q03,sample_10,Were abnormal sounds heard over the lungs?,hard_negative,0,0,1,,,,,,,,,,,,,,,,,,correct_no
sample_10_yes_q02,sample_10,Were the lungs and heart normal on auscultation?,positive,1,1,1,53.76,57.56,53.67,55.88,0.544987146529564,lungs and and your heart both sound normal. Nothing abnormal on listening.,lungs and and your heart both sound normal.,,,-0.0899999999999963,-1.6799999999999997,0.5815789473684206,0.9421052631578932,0.49029126213592256,,0.49029126213592256,,too_narrow
sample_10_yes_q03,sample_10,"Are the patient's complaints unchanged, with nothing new reported?",positive,1,1,1,22.2,23.56,22.12,23.52,0.9166666666666683,No. Nothing new.,No. Nothing new.,,,-0.0799999999999983,-0.03999999999999915,1.0294117647058818,0.7721518987341796,0.7721518987341796,,0.7721518987341796,,strong
sample_10_hard_no_q02,sample_10,Does the plan include a referral to a lung specialist?,hard_negative,0,0,1,,,,,,,,,,,,,,,,,,correct_no
sample_17_yes_q03,sample_17,Is the medicine to be taken after a meal?,positive,1,1,1,46.1,47.52,45.78,47.5,0.8045977011494235,take it after a meal.,You take it after a meal.,,,-0.3200000000000003,-0.020000000000003126,1.2112676056338005,0.8169014084507008,0.6770833333333313,,0.6770833333333313,,boundary_shift_or_partial
sample_17_hard_no_q06,sample_17,Has the patient been told that the condition needs no treatment?,hard_negative,0,0,1,,,,,,,,,,,,,,,,,,correct_no
sample_17_yes_q02,sample_17,Should the daily dose be 100 mg?,positive,1,1,1,42.84,44.42,42.13,45.52,0.46607669616519115,mg daily,100 mg daily for 2 weeks.,,,-0.7100000000000009,1.1000000000000014,2.145569620253167,0.7848101265822806,0.7128712871287106,,0.43169398907103734,,too_wide
sample_17_hard_no_q05,sample_17,Were bacteria identified in the sample?,hard_negative,0,0,1,,,,,,,,,,,,,,,,,,correct_no
sample_17_hard_no_q03,sample_17,Did the swab come from the throat?,hard_negative,0,0,1,,,,,,,,,,,,,,,,,,correct_no
sample_17_hard_no_q02,sample_17,Was the prescribed dose 200 mg daily?,hard_negative,0,0,1,,,,,,,,,,,,,,,,,,correct_no
sample_17_off_topic_q01,sample_17,Is there any mention of attending a concert?,off_topic,0,0,1,,,,,,,,,,,,,,,,,,correct_no
sample_17_hard_no_q01,sample_17,"The treatment is planned to run for six weeks, right?",hard_negative,0,0,1,,,,,,,,,,,,,,,,,,correct_no
sample_17_hard_no_q04,sample_17,Should the tablets be taken on an empty stomach?,hard_negative,0,0,1,,,,,,,,,,,,,,,,,,correct_no
sample_17_yes_q01,sample_17,Will the treatment last two weeks?,positive,1,1,1,48.18,50.7,42.13,45.52,0.0,After a meal every day for 2 weeks.,100 mg daily for 2 weeks.,,,-6.049999999999997,-5.18,1.3452380952380938,0.8345323741007192,0.6349206349206347,,0.0,,nonoverlap_review_occurrence
sample_18_yes_q04,sample_18,Should kidney function be monitored?,positive,1,1,1,41.82,45.58,41.36,45.38,0.8436018957345979,we should monitor your blood pressure and your kidney function.,means we should monitor your blood pressure and your kidney function.,,,-0.46000000000000085,-0.19999999999999574,1.0691489361702142,0.9105263157894746,0.7925531914893632,,0.7424892703862668,,boundary_shift_or_partial
sample_18_off_topic_q01,sample_18,Is there any reference to the patient planning a specific fitness challenge?,off_topic,0,0,1,,,,,,,,,,,,,,,,,,correct_no
sample_18_yes_q02,sample_18,Did the patient ask for a renewal of the Ibumetin prescription?,positive,1,1,1,17.24,18.5,17.03,18.5,0.8571428571428589,need my ibumetin renewed.,I need my ibumetin renewed.,,,-0.2099999999999973,0.0,1.1666666666666643,0.8730158730158702,0.8730158730158702,,0.716049382716049,,boundary_shift_or_partial
sample_18_yes_q01,sample_18,Has the Ibumetin prescription been issued?,positive,1,1,1,69.38,72.04,69.31,71.82,0.8937728937728916,The prescription is created.,Yes. The prescription is created.,,,-0.06999999999999318,-0.22000000000001307,0.9436090225563837,0.7800000000000011,0.7800000000000011,,0.7800000000000011,,boundary_shift_or_partial
sample_18_yes_q07,sample_18,Is the patient also taking Pantoprazole?,positive,1,1,1,20.92,26.3,24.96,26.34,0.2472324723247233,"you are still taking pantoprazole alongside it? Yes, every day with it.","Yes, every day with it.",,,4.039999999999999,0.03999999999999915,0.2565055762081783,0.95910780669145,0.26394052044609634,,0.26394052044609634,,too_narrow
sample_18_hard_no_q01,sample_18,Were liver values the focus of the planned blood tests?,hard_negative,0,0,1,,,,,,,,,,,,,,,,,,correct_no
sample_18_hard_no_q02,sample_18,Should the blood pressure readings be taken at the clinic instead of at home?,hard_negative,0,0,1,,,,,,,,,,,,,,,,,,correct_no
sample_18_yes_q06,sample_18,Will the blood tests include cholesterol and blood sugar?,positive,1,1,1,62.5,65.94,62.59,65.86,0.9505813953488367,"check kidneys, cholesterol, and blood sugar.","check kidneys, cholesterol, and blood sugar.",,,0.09000000000000341,-0.0799999999999983,0.9505813953488367,0.9360465116279093,0.9360465116279093,,0.8810810810810835,,strong
sample_18_yes_q03,sample_18,Does the doctor consider the NSAID use long-standing and high?,positive,1,1,1,33.0,38.66,33.25,38.44,0.9169611307420497,have used anti -inflammatory painkillers heavily and for a long time.,used anti -inflammatory painkillers heavily and for a long time.,,,0.25,-0.21999999999999886,0.9169611307420497,0.9399293286219087,0.894472361809046,,0.894472361809046,,strong
sample_18_yes_q05,sample_18,Was blood pressure to be measured at home over three days?,positive,1,1,1,50.74,55.1,50.78,55.02,0.9724770642201841,would like you to measure your blood pressure at home over three days.,would like you to measure your blood pressure at home over three days.,,,0.03999999999999915,-0.0799999999999983,0.9724770642201841,0.922018348623854,0.8744769874476985,,0.8744769874476985,,strong
sample_19_yes_q04,sample_19,Is the patient still being treated for asthma?,positive,1,1,1,26.3,28.12,25.85,29.68,0.47519582245430836,am still being treated for asthma,I am still being treated for asthma and for reflux.,,,-0.4499999999999993,1.5599999999999987,2.104395604395603,0.8351648351648348,0.641791044776119,,0.4396135265700487,,too_wide
sample_19_off_topic_q01,sample_19,Did the patient discuss baking a cake in the conversation?,off_topic,0,0,1,,,,,,,,,,,,,,,,,,correct_no
sample_19_hard_no_q03,sample_19,Does the doctor describe the medication as unstable and in need of change?,hard_negative,0,0,1,,,,,,,,,,,,,,,,,,correct_no
sample_19_hard_no_q01,sample_19,"Alongside asthma, is the patient treated for diabetes?",hard_negative,0,0,1,,,,,,,,,,,,,,,,,,correct_no
sample_19_yes_q01,sample_19,Were three prescriptions renewed in total?,positive,1,1,1,68.24,71.64,68.7,71.66,0.8596491228070164,"Activel, Aromir, and Isomeprazole. All three renewed.","Aromir, and Isomeprazole. All three renewed.",,,0.46000000000000796,0.01999999999999602,0.8705882352941143,0.9352941176470593,0.9352941176470593,,0.9352941176470593,,boundary_shift_or_partial
sample_19_off_topic_q02,sample_19,Did the conversation mention anything about the patient planning a trip?,off_topic,0,0,1,,,,,,,,,,,,,,,,,,correct_no
sample_19_yes_q02,sample_19,Has Esomeprazole been renewed as well?,positive,1,1,1,68.24,71.64,68.7,71.66,0.8596491228070164,"Activel, Aromir, and Isomeprazole. All three renewed.","Aromir, and Isomeprazole. All three renewed.",,,0.46000000000000796,0.01999999999999602,0.8705882352941143,0.9352941176470593,0.9352941176470593,,0.9352941176470593,,boundary_shift_or_partial
sample_19_yes_q03,sample_19,Is Airomir among the renewed medicines?,positive,1,1,1,68.24,71.64,68.7,71.66,0.8596491228070164,"Activel, Aromir, and Isomeprazole. All three renewed.","Aromir, and Isomeprazole. All three renewed.",,,0.46000000000000796,0.01999999999999602,0.8705882352941143,0.9352941176470593,0.9352941176470593,,0.9352941176470593,,boundary_shift_or_partial
sample_19_hard_no_q04,sample_19,Were the prescriptions stopped rather than renewed?,hard_negative,0,0,1,,,,,,,,,,,,,,,,,,correct_no
sample_19_hard_no_q02,sample_19,Was Pantoprazole the acid-reducing drug that was renewed?,hard_negative,0,0,1,,,,,,,,,,,,,,,,,,correct_no
sample_20_hard_no_q03,sample_20,Will the patient be referred to a pain clinic?,hard_negative,0,0,1,,,,,,,,,,,,,,,,,,correct_no
sample_20_off_topic_q02,sample_20,Was a specific recipe or cooking activity discussed?,off_topic,0,0,1,,,,,,,,,,,,,,,,,,correct_no
sample_20_off_topic_q01,sample_20,At any point does the patient talk about their experiences with a hobby?,off_topic,0,0,1,,,,,,,,,,,,,,,,,,correct_no
sample_20_yes_q01,sample_20,Was Ibumetin renewed as well?,positive,1,1,1,182.44,186.3,181.59,186.28,0.815286624203821,"am creating prescriptions for both PAMEL and ibumedin now,","I am creating prescriptions for both PAMEL and ibumedin now,",,,-0.8499999999999943,-0.020000000000010232,1.2150259067357465,0.927461139896373,0.7164750957854426,,0.7164750957854426,,boundary_shift_or_partial
sample_20_hard_no_q01,sample_20,Did the patient ask for morphine to be renewed?,hard_negative,0,0,1,,,,,,,,,,,,,,,,,,correct_no
sample_20_hard_no_q02,sample_20,Does the pain affect the lower back alone?,hard_negative,0,0,1,,,,,,,,,,,,,,,,,,correct_no
sample_20_yes_q05,sample_20,Is Pamol one of the medicines requested?,positive,1,1,1,182.44,184.98,42.6,48.32,0.0,am creating prescriptions for both PAMEL,"and IBUMETIN. Those are the two I use, and I have been taking them for a good while now.",,,-139.84,-136.66,2.2519685039370145,0.9055118110236293,0.0,,0.0,,nonoverlap_review_occurrence
sample_20_yes_q02,sample_20,Has the pain problem been described as stable?,positive,1,1,1,102.3,105.02,102.27,104.98,0.974545454545457,"we are looking at a stable pain problem,","we are looking at a stable pain problem,",,,-0.030000000000001137,-0.03999999999999204,0.996323529411768,0.8602941176470552,0.8486842105263175,,0.8486842105263175,,strong
sample_20_yes_q04,sample_20,Does the patient still need pain relief?,positive,1,1,1,105.56,107.46,105.25,107.46,0.8597285067873289,a continued need for pain relief.,with a continued need for pain relief.,,,-0.3100000000000023,0.0,1.163157894736844,0.9375000000000047,0.7377049180327864,,0.7377049180327864,,boundary_shift_or_partial
sample_20_yes_q03,sample_20,Were both prescriptions issued?,positive,1,1,1,182.44,184.5,181.59,186.28,0.4392324093816638,am creating prescriptions for both,"I am creating prescriptions for both PAMEL and ibumedin now,",,,-0.8499999999999943,1.7800000000000011,2.27669902912621,0.8737864077669949,0.4039215686274519,,0.4039215686274519,,too_wide
sample_23_yes_q03,sample_23,Was a skin wart found under the right breast?,positive,1,1,1,23.12,25.66,23.06,26.9,0.6614583333333331,"one under your right breast is a skin wart,","one under your right breast is a skin wart, about one centimeter.",,,-0.060000000000002274,1.2399999999999984,1.5118110236220477,0.9527559055118107,0.8145695364238403,,0.6105769230769229,,too_wide
sample_23_yes_q05,sample_23,Has the patient been informed about the risk of scarring and infection?,positive,1,1,1,75.26,79.54,74.92,79.48,0.9134199134199122,will be a scar where each one is removed and there is a risk of infection afterwards,will be a scar where each one is removed and there is a risk of infection afterwards,,,-0.3400000000000034,-0.060000000000002274,1.065420560747664,0.9439252336448577,0.8046874999999974,,0.8046874999999974,,strong
sample_23_yes_q02,sample_23,Does the patient want the skin changes removed?,positive,1,1,1,85.28,88.5,19.76,20.9,0.0,I would still rather have them off than keep catching them,I want them gone.,,,-65.52,-67.6,0.35403726708074457,0.9122807017543868,0.0,,0.0,,nonoverlap_review_occurrence
sample_23_off_topic_q02,sample_23,Is there any mention of the patient's pet?,off_topic,0,0,1,,,,,,,,,,,,,,,,,,correct_no
sample_23_hard_no_q01,sample_23,Has the patient been told that the procedure carries no risk of scarring?,hard_negative,0,0,1,,,,,,,,,,,,,,,,,,correct_no
sample_23_yes_q04,sample_23,Is an appointment for the removal going to be arranged?,positive,1,1,1,90.2,92.2,67.66,69.92,0.0,the appointment for removal is the plan,I will arrange an appointment for the removal,,,-22.540000000000006,-22.28,1.1300000000000026,0.8400000000000034,0.0,,0.0,,nonoverlap_review_occurrence
sample_23_yes_q06,sample_23,Do the changes on the abdomen and lower leg resemble seborrheic keratoses?,positive,1,1,1,43.44,45.58,43.38,45.48,0.9272727272727287,look like seborrheic keratoses.,look like seborrheic keratoses.,,,-0.05999999999999517,-0.10000000000000142,0.9813084112149504,0.8598130841121508,0.8016528925619849,,0.8016528925619849,,strong
sample_23_yes_q01,sample_23,Were the skin changes judged to be benign?,positive,1,1,1,53.3,56.2,53.16,56.18,0.9473684210526305,assessment is that these are benign skin changes.,assessment is that these are benign skin changes.,,,-0.14000000000000057,-0.020000000000003126,1.0413793103448266,0.9241379310344808,0.8273809523809529,,0.8273809523809529,,strong
sample_23_off_topic_q01,sample_23,Does the patient talk about needing a new vehicle?,off_topic,0,0,1,,,,,,,,,,,,,,,,,,correct_no
sample_23_hard_no_q02,sample_23,Are the elements on the abdomen about 2 cm across?,hard_negative,0,0,1,,,,,,,,,,,,,,,,,,correct_no
sample_33_yes_q06,sample_33,"The visit is a follow-up on allergic rhinitis, correct?",positive,1,1,1,13.94,17.42,14.0,16.44,0.7011494252873562,This is your follow -up for allergic rhinitis. Yes.,This is your follow -up for allergic rhinitis.,,,0.0600000000000005,-0.9800000000000004,0.7011494252873562,0.9347826086956517,0.652173913043478,,0.652173913043478,,boundary_shift_or_partial
sample_33_hard_no_q01,sample_33,Does the doctor plan to refer the patient to an allergy specialist?,hard_negative,0,0,1,,,,,,,,,,,,,,,,,,correct_no
sample_33_hard_no_q02,sample_33,Were daily doses made mandatory going forward?,hard_negative,0,0,1,,,,,,,,,,,,,,,,,,correct_no
sample_33_off_topic_q01,sample_33,Is there any talk about the patient's recent purchase of a vehicle?,off_topic,0,0,1,,,,,,,,,,,,,,,,,,correct_no
sample_33_yes_q02,sample_33,Is the patient free of symptoms at the moment?,positive,1,1,1,27.02,31.5,27.03,29.02,0.44419642857142816,I do not have any symptoms right now. No symptoms at all at the moment?,I do not have any symptoms right now.,,,0.010000000000001563,-2.4800000000000004,0.44419642857142816,0.9145299145299148,0.48314606741573,,0.4059829059829065,,too_narrow
sample_33_yes_q04,sample_33,Did the antihistamine work well?,positive,1,1,1,58.82,61.32,58.73,61.12,0.8880308880308858,antihistamine is having a good effect.,The antihistamine is having a good effect.,,,-0.09000000000000341,-0.20000000000000284,0.9560000000000002,0.8160000000000025,0.7746478873239437,,0.7746478873239437,,boundary_shift_or_partial
sample_33_yes_q03,sample_33,Has the medication helped the patient?,positive,1,1,1,55.34,58.28,25.71,26.6,0.0,the medicine is genuinely working? Yes.,It has helped.,,,-29.630000000000003,-31.68,0.3027210884353746,0.9251700680272112,0.0,,0.0,,nonoverlap_review_occurrence
sample_33_yes_q05,sample_33,Are the findings unremarkable?,positive,1,1,1,44.86,52.62,44.59,46.9,0.2540473225404733,examination I have done is normal. Normal in all of it? Yes. Nothing abnormal was found on examination. examination.,The examination I have done is normal.,,,-0.269999999999996,-5.719999999999999,0.29768041237113346,0.966494845360825,0.2963917525773202,,0.23429951690821246,,too_narrow
sample_33_yes_q01,sample_33,Should the patient carry on with the treatment as needed?,positive,1,1,1,69.06,71.0,68.74,71.02,0.8508771929824547,plan is to continue it as needed.,The plan is to continue it as needed.,,,-0.3200000000000074,0.01999999999999602,1.175257731958765,0.9381443298969121,0.7439999999999998,,0.7439999999999998,,boundary_shift_or_partial
sample_33_hard_no_q03,sample_33,Was anything abnormal picked up at the examination?,hard_negative,0,0,1,,,,,,,,,,,,,,,,,,correct_no
sample_37_yes_q05,sample_37,Is the skin intact?,positive,1,1,1,28.5,30.0,28.52,30.04,0.9610389610389618,The skin is intact.,The skin is intact.,,,0.019999999999999574,0.03999999999999915,1.013333333333333,0.8780487804878053,0.8780487804878053,,0.8780487804878053,,strong
sample_37_hard_no_q01,sample_37,Was erythema migrans seen around the bite?,hard_negative,0,0,1,,,,,,,,,,,,,,,,,,correct_no
sample_37_hard_no_q03,sample_37,Is the risk of Borrelia considered high?,hard_negative,0,0,1,,,,,,,,,,,,,,,,,,correct_no
sample_37_yes_q03,sample_37,Was erythema migrans absent?,positive,1,1,1,30.68,32.62,30.47,32.66,0.8858447488584473,is no erythema migrans.,There is no erythema migrans.,,,-0.21000000000000085,0.03999999999999915,1.1288659793814435,0.8762886597938169,0.789915966386556,,0.789915966386556,,boundary_shift_or_partial
sample_37_yes_q04,sample_37,Are redness and swelling absent?,positive,1,1,1,17.58,22.18,51.46,55.38,0.0,redness at all. Any swelling? No swelling either.,"redness, no swelling, and no rash at the site.",,,33.88,33.2,0.8521739130434783,0.9304347826086948,0.2388663967611342,,0.0,,nonoverlap_review_occurrence
sample_37_yes_q06,sample_37,"The plan involves no treatment, right?",positive,1,1,1,60.02,61.34,58.75,61.3,0.4942084942084913,treatment is needed.,Observation. No treatment is needed.,,,-1.2700000000000031,-0.04000000000000625,1.9318181818181792,0.7424242424242453,0.41258741258741155,,0.41258741258741155,,too_wide
sample_37_off_topic_q01,sample_37,Does the conversation indicate the patient discussed their employment as a freelancer?,off_topic,0,0,1,,,,,,,,,,,,,,,,,,correct_no
sample_37_hard_no_q02,sample_37,Has the bite area become red and swollen?,hard_negative,0,0,1,,,,,,,,,,,,,,,,,,correct_no
sample_37_yes_q01,sample_37,Did the patient get a tick bite?,positive,1,1,1,13.74,14.52,7.13,9.3,0.0,tick bite.,I found a tick attached to my leg.,,,-6.61,-5.219999999999999,2.7820512820512855,0.5897435897435891,0.0,,0.0,,nonoverlap_review_occurrence
sample_37_yes_q02,sample_37,Has the patient been told simply to keep an eye on the area?,positive,1,1,1,56.02,59.34,58.75,61.3,0.11174242424242502,Then what is the plan? Observation.,Observation. No treatment is needed.,,,2.729999999999997,1.9599999999999937,0.7680722891566256,0.9117647058823497,0.1660231660231673,,0.1660231660231673,,boundary_shift_or_partial
sample_39_yes_q02,sample_39,Does the patient have pain in the lower back?,positive,1,1,1,22.64,23.92,22.54,23.92,0.9275362318840571,Pain in my lower back.,Pain in my lower back.,,,-0.10000000000000142,0.0,1.078125000000001,0.7763157894736824,0.7763157894736824,,0.7763157894736824,,strong
sample_39_hard_no_q04,sample_39,Has the patient been referred for surgery?,hard_negative,0,0,1,,,,,,,,,,,,,,,,,,correct_no
sample_39_off_topic_q02,sample_39,Is the patient discussing their pet?,off_topic,0,0,1,,,,,,,,,,,,,,,,,,correct_no
sample_39_off_topic_q01,sample_39,At any point does the patient express interest in learning digital photography techniques?,off_topic,0,0,1,,,,,,,,,,,,,,,,,,correct_no
sample_39_yes_q04,sample_39,Was reduced mobility found during the examination?,positive,1,1,1,47.34,53.04,47.68,51.04,0.5894736842105267,"Your movement is also reduced when you bend and turn. Yes, it feels stiff.",movement is also reduced when you bend and turn.,,,0.3399999999999963,-2.0,0.5894736842105267,0.9755244755244754,0.6293706293706285,,0.6293706293706285,,too_narrow
sample_39_yes_q03,sample_39,Were painkillers part of the treatment plan?,positive,1,1,1,63.56,65.8,63.67,67.3,0.5695187165775397,"treatment, I recommend pain relief","treatment, I recommend pain relief and an exercise program.",,,0.10999999999999943,1.5,1.620535714285716,0.9107142857142906,0.5714285714285698,,0.5714285714285698,,too_wide
sample_39_hard_no_q01,sample_39,Does the pain radiate down the leg?,hard_negative,0,0,1,,,,,,,,,,,,,,,,,,correct_no
sample_39_yes_q01,sample_39,"The pain was assessed as nonspecific musculoskeletal pain, right?",positive,1,1,1,55.32,60.68,55.47,60.48,0.9347014925373132,"is nonspecific muscle and joint pain in the back, without radiation.","is nonspecific muscle and joint pain in the back, without radiation.",,,0.14999999999999858,-0.20000000000000284,0.9347014925373132,0.9216417910447772,0.8784722222222229,,0.8784722222222229,,strong
sample_39_hard_no_q03,sample_39,Did the doctor conclude that the pain came from a herniated disc?,hard_negative,0,0,1,,,,,,,,,,,,,,,,,,correct_no
sample_39_hard_no_q02,sample_39,Was the patient's mobility completely unaffected?,hard_negative,0,0,1,,,,,,,,,,,,,,,,,,correct_no
sample_42_yes_q02,sample_42,Was the blood pressure measured at 135/88?,positive,1,1,1,39.16,42.54,39.09,42.38,0.9333333333333362,blood pressure is 135 over 88.,blood pressure is 135 over 88.,,,-0.06999999999999318,-0.1599999999999966,0.9733727810650877,0.8934911242603553,0.8210526315789491,,0.8210526315789491,,strong
sample_42_yes_q07,sample_42,Did the doctor assess the patient as slightly overweight?,positive,1,1,1,62.26,65.16,62.06,64.9,0.8516129032258105,puts you in the mildly overweight range.,puts you in the mildly overweight range.,,,-0.19999999999999574,-0.2599999999999909,0.9793103448275878,0.8551724137931028,0.7470588235294118,,0.7470588235294118,,boundary_shift_or_partial
sample_42_yes_q06,sample_42,Were exercise recommendations also part of the plan?,positive,1,1,1,89.86,93.12,89.73,92.82,0.8731563421828888,plan is advice on diet and on exercise.,plan is advice on diet and on exercise.,,,-0.12999999999999545,-0.30000000000001137,0.9478527607361915,0.8650306748466223,0.7688172043010754,,0.7688172043010754,,boundary_shift_or_partial
sample_42_yes_q05,sample_42,Does the patient have a BMI of 28?,positive,1,1,1,56.18,58.38,56.27,58.12,0.8409090909090873,Your body mass index is 28.,body mass index is 28.,,,0.09000000000000341,-0.2600000000000051,0.8409090909090873,0.8,0.8,,0.8,,boundary_shift_or_partial
sample_42_yes_q03,sample_42,Has the patient been given advice about diet?,positive,1,1,1,89.86,91.76,89.73,92.82,0.6148867313915898,plan is advice on diet,plan is advice on diet and on exercise.,,,-0.12999999999999545,1.059999999999988,1.6263157894736737,0.9473684210526272,0.5722891566265089,,0.5722891566265089,,too_wide
sample_42_hard_no_q02,sample_42,Did the doctor consider the patient severely obese?,hard_negative,0,0,1,,,,,,,,,,,,,,,,,,correct_no
sample_42_yes_q01,sample_42,Is the patient feeling well?,positive,1,1,1,17.22,18.48,16.2,18.48,0.5526315789473688,feel perfectly well.,"I have to say, I feel perfectly well.",,,-1.0199999999999996,0.0,1.8095238095238082,0.9206349206349196,0.7733333333333334,,0.46031746031746046,,too_wide
sample_42_yes_q04,sample_42,"The visit was a preventive health check, correct?",positive,1,1,1,11.92,14.14,11.8,14.1,0.9316239316239315,is your preventive health check today.,This is your preventive health check today.,,,-0.11999999999999922,-0.040000000000000924,1.0360360360360352,0.8648648648648646,0.8062015503875969,,0.8062015503875969,,strong
sample_42_hard_no_q01,sample_42,Was the blood pressure 155/98?,hard_negative,0,0,1,,,,,,,,,,,,,,,,,,correct_no
sample_42_off_topic_q01,sample_42,Does the patient talk about wanting to work part-time?,off_topic,0,0,1,,,,,,,,,,,,,,,,,,correct_no
sample_43_yes_q02,sample_43,Does the patient have a sore throat?,positive,1,1,1,4.82,6.24,4.68,6.22,0.8974358974358968,throat has been really sore.,My throat has been really sore.,,,-0.14000000000000057,-0.020000000000000462,1.0845070422535212,0.7887323943661972,0.7558139534883717,,0.7558139534883717,,boundary_shift_or_partial
sample_43_hard_no_q03,sample_43,Is the infection thought to be bacterial?,hard_negative,0,0,1,,,,,,,,,,,,,,,,,,correct_no
sample_43_yes_q05,sample_43,Did the examination find no pus in the throat?,positive,1,1,1,31.76,34.28,31.6,34.2,0.9104477611940304,also looked at your throat and there was no pus.,also looked at your throat and there was no pus.,,,-0.16000000000000014,-0.0799999999999983,1.0317460317460325,0.8968253968253976,0.7905405405405402,,0.7905405405405402,,strong
sample_43_off_topic_q01,sample_43,Are the speakers discussing the patient's pet?,off_topic,0,0,1,,,,,,,,,,,,,,,,,,correct_no
sample_43_yes_q04,sample_43,Was the strep test negative?,positive,1,1,1,23.06,23.78,23.1,26.64,0.18994413407821212,was negative.,was negative. That means that bacterium was not found.,,,0.0400000000000027,2.8599999999999994,4.916666666666649,0.6666666666666651,0.5849056603773581,,0.18848167539267077,,too_wide
sample_43_yes_q01,sample_43,Is the infection considered to be viral?,positive,1,1,1,44.22,46.78,44.1,46.58,0.880597014925373,assessment is that this is a viral infection.,My assessment is that this is a viral infection.,,,-0.11999999999999744,-0.20000000000000284,0.9687499999999979,0.8281249999999982,0.7687074829931972,,0.7687074829931972,,boundary_shift_or_partial
sample_43_hard_no_q01,sample_43,Does the patient describe abdominal pain as the main problem?,hard_negative,0,0,1,,,,,,,,,,,,,,,,,,correct_no
sample_43_hard_no_q02,sample_43,Were the tonsils covered in coatings?,hard_negative,0,0,1,,,,,,,,,,,,,,,,,,correct_no
sample_43_yes_q03,sample_43,Has the doctor decided against antibiotics?,positive,1,1,1,59.48,63.9,59.14,63.78,0.9033613445378164,"plan is no antibiotics, because they do not work against a virus.","The plan is no antibiotics, because they do not work against a virus.",,,-0.3399999999999963,-0.11999999999999744,1.0497737556561084,0.927601809954751,0.7969639468690713,,0.7969639468690713,,strong
sample_43_hard_no_q04,sample_43,Did the doctor see pus in the throat?,hard_negative,0,0,1,,,,,,,,,,,,,,,,,,correct_no
sample_47_yes_q03,sample_47,Has penicillin treatment been started?,positive,1,1,1,71.86,79.4,71.66,73.88,0.260981912144702,"am starting you on penicillin treatment. Penicillin. Starting from today? Yes, from today.",I am starting you on penicillin treatment.,,,-0.20000000000000284,-5.52000000000001,0.2944297082228113,0.9681697612732084,0.2406015037593986,,0.2406015037593986,,too_narrow
sample_47_hard_no_q04,sample_47,Is the patient able to swallow without any discomfort?,hard_negative,0,0,1,,,,,,,,,,,,,,,,,,correct_no
sample_47_hard_no_q03,sample_47,Did the doctor prescribe erythromycin?,hard_negative,0,0,1,,,,,,,,,,,,,,,,,,correct_no
sample_47_hard_no_q01,sample_47,Does the patient complain of hoarseness as the main symptom?,hard_negative,0,0,1,,,,,,,,,,,,,,,,,,correct_no
sample_47_hard_no_q05,sample_47,Was the patient told to manage with symptom relief only?,hard_negative,0,0,1,,,,,,,,,,,,,,,,,,correct_no
sample_47_off_topic_q01,sample_47,Does the conversation indicate the patient discussed their desire to learn digital photography techniques?,off_topic,0,0,1,,,,,,,,,,,,,,,,,,correct_no
sample_47_yes_q01,sample_47,Were coatings seen on the tonsils?,positive,1,1,1,25.72,28.66,25.81,28.7,0.9563758389261748,Your tonsils are red and there is coating on them.,tonsils are red and there is coating on them.,,,0.08999999999999986,0.03999999999999915,0.9829931972789113,0.9113924050632919,0.9113924050632919,,0.9113924050632919,,strong
sample_47_hard_no_q06,sample_47,Has the throat problem been assessed as a viral infection?,hard_negative,0,0,1,,,,,,,,,,,,,,,,,,correct_no
sample_47_yes_q02,sample_47,Does the patient have a sore throat?,positive,1,1,1,8.32,11.7,8.39,11.66,0.9674556213017753,throat. It is really sore and it hurts when I swallow.,throat. It is really sore and it hurts when I swallow.,,,0.07000000000000028,-0.03999999999999915,0.9674556213017753,0.8875739644970417,0.8852459016393442,,0.8852459016393442,,strong
sample_47_hard_no_q02,sample_47,Were the tonsils pale and free of coatings?,hard_negative,0,0,1,,,,,,,,,,,,,,,,,,correct_no
sample_48_hard_no_q02,sample_48,Does the doctor attribute the fatigue to a thyroid disorder?,hard_negative,0,0,1,,,,,,,,,,,,,,,,,,correct_no
sample_48_off_topic_q01,sample_48,Does the doctor ask about the patient's experience with specific technology?,off_topic,0,0,1,,,,,,,,,,,,,,,,,,correct_no
sample_48_yes_q03,sample_48,Was the TSH normal?,positive,1,1,1,28.34,35.82,34.55,35.82,0.1697860962566849,"first was your thyroid -stimulating hormone, the thyroid. I had wondered about that one. It came back normal.",It came back normal.,,,6.209999999999997,0.0,0.1697860962566849,0.981283422459893,0.955958549222798,,0.17379679144384988,,too_narrow
sample_48_yes_q06,sample_48,Did the glucose test come back normal too?,positive,1,1,1,38.96,43.04,41.41,43.0,0.3897058823529422,"glucose, which is your blood sugar. That was normal as well.",That was normal as well.,,,2.4499999999999957,-0.03999999999999915,0.3897058823529422,0.9558823529411765,0.6677966101694913,,0.40686274509803855,,too_narrow
sample_48_yes_q05,sample_48,Were both blood tests within normal limits?,positive,1,1,1,41.74,44.36,43.41,44.3,0.3396946564885502,was normal as well. Both normal.,Both normal.,,,1.6699999999999946,-0.060000000000002274,0.3396946564885502,0.9160305343511481,0.33587786259542113,,0.33587786259542113,,too_narrow
sample_48_hard_no_q01,sample_48,Is the tiredness described as brief and occasional?,hard_negative,0,0,1,,,,,,,,,,,,,,,,,,correct_no
sample_48_yes_q04,sample_48,Has the patient been left without any specific treatment?,positive,1,1,1,77.42,81.2,77.47,81.06,0.9497354497354503,specific treatment is needed on the basis of these results.,specific treatment is needed on the basis of these results.,,,0.04999999999999716,-0.14000000000000057,0.9497354497354503,0.8783068783068763,0.8592233009708709,,0.8592233009708709,,strong
sample_48_yes_q02,sample_48,Is the patient's tiredness persistent?,positive,1,1,1,11.18,18.78,18.02,21.0,0.07739307535641564,"came about tiredness. Yes, it has been going on and on. It simply does not lift. Persistent fatigue.",fatigue. That is what we were investigating.,,,6.84,2.219999999999999,0.39210526315789473,0.968421052631579,0.60082304526749,,0.11111111111111131,,too_narrow
sample_48_yes_q07,sample_48,Does the doctor rule out an endocrine cause?,positive,1,1,1,48.06,52.34,48.01,52.32,0.983833718244802,assessment is that there is no hormonal cause for the tiredness.,assessment is that there is no hormonal cause for the tiredness.,,,-0.05000000000000426,-0.020000000000003126,1.0070093457943927,0.9626168224299056,0.8666666666666651,,0.8666666666666651,,strong
sample_48_yes_q01,sample_48,"The thyroid test gave a normal result, right?",positive,1,1,1,28.34,35.82,34.55,35.82,0.1697860962566849,"first was your thyroid -stimulating hormone, the thyroid. I had wondered about that one. It came back normal.",It came back normal.,,,6.209999999999997,0.0,0.1697860962566849,0.981283422459893,0.955958549222798,,0.17379679144384988,,too_narrow
sample_50_yes_q04,sample_50,Are further tests needed before the diagnosis can be settled?,positive,1,1,1,60.36,69.66,60.24,62.66,0.24416135881104017,tests have been arranged to settle it. And those will tell us for certain? That is why they are being done. Nothing changes for you until we have them.,tests have been arranged to settle it.,,,-0.11999999999999744,-7.0,0.26021505376344034,0.9784946236559144,0.22727272727272757,,0.22727272727272757,,too_narrow
sample_50_hard_no_q01,sample_50,Does the fasting blood sugar lie at 5.0 mmol/L?,hard_negative,0,0,1,,,,,,,,,,,,,,,,,,correct_no
sample_50_off_topic_q01,sample_50,Are the speakers discussing the patient's recent college experience?,off_topic,0,0,1,,,,,,,,,,,,,,,,,,correct_no
sample_50_yes_q01,sample_50,"The HbA1c came out at 47 mmol/mol, right?",positive,1,1,1,39.68,43.4,39.61,43.36,0.9709762532981532,long -term sugar value was 47 millimoles per mole.,long -term sugar value was 47 millimoles per mole.,,,-0.07000000000000028,-0.03999999999999915,1.0080645161290325,0.9354838709677413,0.9354838709677413,,0.8523809523809528,,strong
sample_50_yes_q03,sample_50,Was the patient's BMI recorded as 29?,positive,1,1,1,23.86,25.96,23.7,25.8,0.8584070796460177,body mass index is 29.,Your body mass index is 29.,,,-0.16000000000000014,-0.16000000000000014,1.0,0.8285714285714273,0.7419354838709675,,0.7419354838709675,,boundary_shift_or_partial
sample_50_hard_no_q03,sample_50,Has metformin treatment been started at this visit?,hard_negative,0,0,1,,,,,,,,,,,,,,,,,,correct_no
sample_50_off_topic_q02,sample_50,Was the patient talking about their recent weekend?,off_topic,0,0,1,,,,,,,,,,,,,,,,,,correct_no
sample_50_yes_q05,sample_50,Is the patient free of any symptoms at this visit?,positive,1,1,1,20.38,22.78,18.76,21.38,0.24875621890547267,"feel completely normal. No symptoms,",Nothing at all. I feel completely normal.,,,-1.6199999999999974,-1.4000000000000021,1.0916666666666646,0.9666666666666645,0.2093023255813958,,0.2093023255813958,,boundary_shift_or_partial
sample_50_yes_q02,sample_50,Does the patient have a fasting blood sugar of 7.0 mmol/L?,positive,1,1,1,35.38,39.0,35.26,39.0,0.9679144385026726,fasting blood sugar was 7 .0 millimoles per liter.,fasting blood sugar was 7 .0 millimoles per liter.,,,-0.12000000000000455,0.0,1.0331491712707195,0.9558011049723766,0.8502415458937187,,0.8502415458937187,,strong
sample_50_hard_no_q02,sample_50,Were the results enough to confirm type 2 diabetes already?,hard_negative,0,0,1,,,,,,,,,,,,,,,,,,correct_no
sample_52_yes_q02,sample_52,Did the doctor plan continued follow-up?,positive,1,1,1,83.42,86.4,83.42,86.44,0.9867549668874198,plan is continued support and follow -up.,plan is continued support and follow -up.,,,0.0,0.03999999999999204,1.0134228187919436,0.973154362416108,0.8848484848484823,,0.8848484848484823,,strong
sample_52_hard_no_q06,sample_52,Has the patient been discharged from any further follow-up?,hard_negative,0,0,1,,,,,,,,,,,,,,,,,,correct_no
sample_52_yes_q03,sample_52,Was the patient seen as engaged during the consultation?,positive,1,1,1,59.06,62.7,58.96,62.62,0.951871657754009,"what you describe, you seem engaged and motivated.","what you describe, you seem engaged and motivated.",,,-0.10000000000000142,-0.0800000000000054,1.0054945054945044,0.9010989010989012,0.8357487922705314,,0.8357487922705314,,strong
sample_52_hard_no_q05,sample_52,Does the plan involve starting insulin?,hard_negative,0,0,1,,,,,,,,,,,,,,,,,,correct_no
sample_52_hard_no_q04,sample_52,Is the patient's grasp of the treatment considered inadequate?,hard_negative,0,0,1,,,,,,,,,,,,,,,,,,correct_no
sample_52_hard_no_q02,sample_52,Was the patient found to be poorly motivated?,hard_negative,0,0,1,,,,,,,,,,,,,,,,,,correct_no
sample_52_yes_q01,sample_52,"The patient understands the treatment well, right?",positive,1,1,1,70.22,75.36,70.54,75.34,0.9338521400778204,assessment is that you have a good understanding of your illness and your treatment.,assessment is that you have a good understanding of your illness and your treatment.,,,0.3200000000000074,-0.01999999999999602,0.9338521400778204,0.9494163424124503,0.9400749063670398,,0.9400749063670398,,strong
sample_52_hard_no_q03,sample_52,Were the classes the patient attended about hypertension?,hard_negative,0,0,1,,,,,,,,,,,,,,,,,,correct_no
sample_52_off_topic_q01,sample_52,Does the doctor ask about the patient's plans for the holidays?,off_topic,0,0,1,,,,,,,,,,,,,,,,,,correct_no
sample_52_hard_no_q01,sample_52,Did the patient skip the diabetes education?,hard_negative,0,0,1,,,,,,,,,,,,,,,,,,correct_no
sample_54_hard_no_q02,sample_54,Is the blood pressure elevated?,hard_negative,0,0,1,,,,,,,,,,,,,,,,,,correct_no
sample_54_yes_q04,sample_54,Was the foot examination normal?,positive,1,1,1,51.62,54.6,51.56,54.5,0.9473684210526326,feet are normal. The examination is fine.,feet are normal. The examination is fine.,,,-0.05999999999999517,-0.10000000000000142,0.9865771812080516,0.9261744966442934,0.8273809523809529,,0.8273809523809529,,strong
sample_54_off_topic_q01,sample_54,Does the patient discuss their job?,off_topic,0,0,1,,,,,,,,,,,,,,,,,,correct_no
sample_54_hard_no_q04,sample_54,Was the patient given a pneumococcal vaccination?,hard_negative,0,0,1,,,,,,,,,,,,,,,,,,correct_no
sample_54_hard_no_q01,sample_54,Has the diabetes become unstable?,hard_negative,0,0,1,,,,,,,,,,,,,,,,,,correct_no
sample_54_yes_q03,sample_54,Has the patient received a flu vaccination?,positive,1,1,1,13.82,15.76,14.25,15.54,0.6649484536082472,I have had my flu vaccination.,have had my flu vaccination.,,,0.4299999999999997,-0.22000000000000064,0.6649484536082472,0.7499999999999996,0.7499999999999996,,0.680412371134021,,too_narrow
sample_54_yes_q02,sample_54,Did the plan include continued monitoring?,positive,1,1,1,80.38,82.2,80.03,84.38,0.4183908045977034,plan is continued monitoring,plan is continued monitoring with your annual check as usual,,,-0.3499999999999943,2.1799999999999926,2.390109890109877,0.890109890109889,0.6287878787878828,,0.3855932203389847,,too_wide
sample_54_hard_no_q03,sample_54,Does the plan involve a check-up only every second year?,hard_negative,0,0,1,,,,,,,,,,,,,,,,,,correct_no
sample_54_off_topic_q02,sample_54,Was the doctor concerned that the patient's symptoms might be related to exposure to the dark side of the Force?,off_topic,0,0,1,,,,,,,,,,,,,,,,,,correct_no
sample_54_yes_q01,sample_54,Does the doctor regard the diabetes as stable?,positive,1,1,1,68.74,70.98,68.47,70.96,0.8844621513944201,your diabetes looks stable,overall your diabetes looks stable,,,-0.269999999999996,-0.020000000000010232,1.1116071428571361,0.8392857142857089,0.7625899280575553,,0.7625899280575553,,boundary_shift_or_partial
sample_55_yes_q02,sample_55,Does the plan include routine follow-up?,positive,1,1,1,79.42,80.84,78.6,80.84,0.6339285714285696,follow -up as usual,routine follow -up as usual,,,-0.8200000000000074,0.0,1.577464788732399,0.8169014084507008,0.5322580645161255,,0.5322580645161255,,too_wide
sample_55_hard_no_q01,sample_55,Does the plan include an urgent referral to a kidney specialist?,hard_negative,0,0,1,,,,,,,,,,,,,,,,,,correct_no
sample_55_off_topic_q01,sample_55,Does the conversation indicate the patient was thinking about joining a hiking club?,off_topic,0,0,1,,,,,,,,,,,,,,,,,,correct_no
sample_55_yes_q03,sample_55,Will the current treatment be continued?,positive,1,1,1,71.12,74.22,70.84,74.18,0.9053254437869841,your current treatment exactly as it is,continue your current treatment exactly as it is,,,-0.28000000000000114,-0.03999999999999204,1.0774193548387128,0.896774193548389,0.7914438502673791,,0.7914438502673791,,strong
sample_55_yes_q01,sample_55,Did the HbA1c come out at 43 mmol/mol?,positive,1,1,1,32.56,36.72,33.12,36.66,0.850961538461539,long -term sugar value is 43 millimoles per mole,-term sugar value is 43 millimoles per mole,,,0.5599999999999952,-0.060000000000002274,0.850961538461539,0.9182692307692316,0.9182692307692316,,0.9182692307692316,,boundary_shift_or_partial
sample_55_hard_no_q05,sample_55,Did the tests show albuminuria?,hard_negative,0,0,1,,,,,,,,,,,,,,,,,,correct_no
sample_55_hard_no_q04,sample_55,Is the HbA1c reported as 53 mmol/mol?,hard_negative,0,0,1,,,,,,,,,,,,,,,,,,correct_no
sample_55_hard_no_q02,sample_55,Was the creatinine found to be raised?,hard_negative,0,0,1,,,,,,,,,,,,,,,,,,correct_no
sample_55_hard_no_q03,sample_55,Has the patient reported tiredness and thirst?,hard_negative,0,0,1,,,,,,,,,,,,,,,,,,correct_no
sample_55_off_topic_q02,sample_55,Does the patient mention having a preference for tea?,off_topic,0,0,1,,,,,,,,,,,,,,,,,,correct_no
sample_56_yes_q01,sample_56,Has the cause of the tiredness remained unexplained?,positive,1,1,1,61.66,64.2,61.52,64.1,0.9104477611940291,have not identified a specific cause.,have not identified a specific cause.,,,-0.13999999999999346,-0.10000000000000853,1.015748031496057,0.8818897637795262,0.7905405405405415,,0.7905405405405415,,strong
sample_56_off_topic_q01,sample_56,Was the doctor asking about the patient's upcoming movie night?,off_topic,0,0,1,,,,,,,,,,,,,,,,,,correct_no
sample_56_hard_no_q02,sample_56,Has iron treatment been started for the tiredness?,hard_negative,0,0,1,,,,,,,,,,,,,,,,,,correct_no
sample_56_yes_q02,sample_56,Did the COVID-19 test come back negative?,positive,1,1,1,48.84,50.82,48.52,50.76,0.8347826086956509,your coronavirus test was negative.,And your coronavirus test was negative.,,,-0.3200000000000003,-0.060000000000002274,1.1313131313131306,0.8921568627450951,0.8921568627450951,,0.7165354330708636,,boundary_shift_or_partial
sample_56_hard_no_q04,sample_56,Was the patient's thyroid function found to be reduced?,hard_negative,0,0,1,,,,,,,,,,,,,,,,,,correct_no
sample_56_yes_q04,sample_56,"The patient's thyroid function was checked, wasn't it?",positive,1,1,1,44.92,46.5,44.64,46.5,0.8494623655913972,thyroid tests are normal.,Your thyroid tests are normal.,,,-0.28000000000000114,0.0,1.1772151898734187,0.8987341772151919,0.7184466019417453,,0.7184466019417453,,boundary_shift_or_partial
sample_56_hard_no_q01,sample_56,Is the patient complaining mainly of chest pain?,hard_negative,0,0,1,,,,,,,,,,,,,,,,,,correct_no
sample_56_hard_no_q03,sample_56,Will treatment for the fatigue begin straight away?,hard_negative,0,0,1,,,,,,,,,,,,,,,,,,correct_no
sample_56_yes_q03,sample_56,Will further measures be held off for the time being?,positive,1,1,1,81.92,85.66,81.99,85.64,0.9759358288770082,"the moment we observe, I am not starting anything further today.","the moment we observe, I am not starting anything further today.",,,0.06999999999999318,-0.01999999999999602,0.9759358288770082,0.957219251336903,0.8916256157635474,,0.8916256157635474,,strong
sample_56_off_topic_q02,sample_56,Are the speakers discussing the weather?,off_topic,0,0,1,,,,,,,,,,,,,,,,,,correct_no
sample_57_yes_q05,sample_57,Will the patient continue on the current medication?,positive,1,1,1,117.6,122.54,120.71,122.38,0.33805668016194285,continue your lifestyle exactly as you are and you continue your current medication.,continue your current medication.,,,3.1099999999999994,-0.1600000000000108,0.33805668016194285,0.9392712550607266,0.6446280991735542,,0.3522267206477714,,too_narrow
sample_57_yes_q07,sample_57,Is the diabetes considered stable?,positive,1,1,1,97.54,100.0,98.77,100.02,0.49596774193548754,assessment is that your diabetes is stable,diabetes is stable,,,1.2299999999999898,0.01999999999999602,0.5081300813008143,0.9349593495934971,0.559090909090907,,0.5203252032520344,,too_narrow
sample_57_yes_q04,sample_57,Has the patient kept up the lifestyle changes?,positive,1,1,1,59.74,62.1,60.16,66.36,0.29305135951661715,have kept it up. I really have.,kept it up. I really have. It is part of my routine now rather than something I have to think about.,,,0.4199999999999946,4.259999999999998,2.6271186440677985,0.855932203389829,0.34808259587020596,,0.34808259587020596,,too_wide
sample_57_yes_q03,sample_57,Was it concluded that no changes to treatment are needed?,positive,1,1,1,117.6,122.54,100.59,101.64,0.0,continue your lifestyle exactly as you are and you continue your current medication.,changes are needed.,,,-17.00999999999999,-20.900000000000006,0.2125506072874483,0.9392712550607266,0.0,,0.0,,nonoverlap_review_occurrence
sample_57_yes_q06,sample_57,Does the patient feel stable?,positive,1,1,1,30.06,33.8,32.43,36.38,0.21677215189873364,have you been feeling? Honestly? Stable.,Stable. That is the word I keep coming back to.,,,2.370000000000001,2.5800000000000054,1.056149732620322,0.9304812834224604,0.2893890675241152,,0.2893890675241152,,boundary_shift_or_partial
sample_57_off_topic_q01,sample_57,Does the doctor ask about the patient's job responsibilities?,off_topic,0,0,1,,,,,,,,,,,,,,,,,,correct_no
sample_57_yes_q01,sample_57,Should the patient carry on with the same lifestyle?,positive,1,1,1,117.6,120.1,117.34,120.16,0.8865248226950376,continue your lifestyle exactly as you are,You continue your lifestyle exactly as you are,,,-0.2599999999999909,0.060000000000002274,1.1279999999999972,0.9680000000000006,0.8039215686274567,,0.8039215686274567,,boundary_shift_or_partial
sample_57_hard_no_q01,sample_57,Was the patient advised to stop the current medication?,hard_negative,0,0,1,,,,,,,,,,,,,,,,,,correct_no
sample_57_hard_no_q02,sample_57,Will the diabetes now be treated with insulin?,hard_negative,0,0,1,,,,,,,,,,,,,,,,,,correct_no
sample_57_yes_q02,sample_57,"The patient stays on the medicine already in use, correct?",positive,1,1,1,120.9,122.54,120.71,122.38,0.808743169398896,continue your current medication.,continue your current medication.,,,-0.19000000000001194,-0.1600000000000108,1.01829268292683,0.80232558139534,0.6899999999999977,,0.6899999999999977,,boundary_shift_or_partial
sample_63_hard_no_q01,sample_63,Have complications of the diabetes been identified?,hard_negative,0,0,1,,,,,,,,,,,,,,,,,,correct_no
sample_63_hard_no_q04,sample_63,Did the patient describe new episodes of dizziness?,hard_negative,0,0,1,,,,,,,,,,,,,,,,,,correct_no
sample_63_hard_no_q02,sample_63,Is the treatment being changed to a new medication?,hard_negative,0,0,1,,,,,,,,,,,,,,,,,,correct_no
sample_63_off_topic_q01,sample_63,Was the patient's condition described as being caused by a mysterious disturbance in the Force?,off_topic,0,0,1,,,,,,,,,,,,,,,,,,correct_no
sample_63_hard_no_q03,sample_63,Did the blood tests show impaired kidney function?,hard_negative,0,0,1,,,,,,,,,,,,,,,,,,correct_no
sample_63_yes_q01,sample_63,Was the diabetes control judged to be good?,positive,1,1,1,57.2,61.92,57.62,59.84,0.4703389830508488,assessment is good diabetes control with no complications.,assessment is good diabetes control,,,0.4199999999999946,-2.0799999999999983,0.4703389830508488,0.8983050847457619,0.85658914728682,,0.5,,too_narrow
sample_63_yes_q02,sample_63,"The lipid profile came back normal, didn't it?",positive,1,1,1,0.0,0.26,50.71,52.2,0.0,Good,lipid profile is normal,,,50.71,51.940000000000005,5.730769230769238,0.8461538461538461,0.0,,0.0,,nonoverlap_review_occurrence
sample_63_yes_q03,sample_63,Was the HbA1c measured at 41 mmol/mol?,positive,1,1,1,36.72,41.92,37.44,41.9,0.8576923076923074,hemoglobin A1c is 41 millimoles per mole.,A1c is 41 millimoles per mole.,,,0.7199999999999989,-0.020000000000003126,0.8576923076923074,0.9307692307692296,0.9307692307692296,,0.9307692307692296,,boundary_shift_or_partial
sample_63_yes_q05,sample_63,Are annual check-ups planned to continue?,positive,1,1,1,64.76,70.16,65.49,70.0,0.8351851851851875,the plan is to continue your current treatment and see you again for the yearly check.,to continue your current treatment and see you again for the yearly check.,,,0.7299999999999898,-0.1599999999999966,0.8351851851851875,0.9370370370370389,0.9074074074074099,,0.9074074074074099,,boundary_shift_or_partial
sample_63_yes_q04,sample_63,Did the patient report no new symptoms?,positive,1,1,1,24.46,27.46,26.48,27.44,0.3200000000000003,"No, I am not sure there is anything. No new symptoms.",No new symptoms.,,,2.0199999999999996,-0.019999999999999574,0.3200000000000003,0.9113924050632908,0.9113924050632908,,0.3200000000000003,,too_narrow
sample_64_yes_q04,sample_64,Is dry skin the reason for this consultation?,positive,1,1,1,39.42,41.64,38.08,41.64,0.6235955056179768,The skin on them has become very dry,is my feet. The skin on them has become very dry,,,-1.3400000000000034,0.0,1.6036036036036054,0.8548387096774169,0.5380710659898473,,0.5380710659898473,,too_wide
sample_64_yes_q01,sample_64,Was the condition assessed as xerosis?,positive,1,0,0,72.26,73.98,,,0.0,condition is called cirrhosis.,,,,,,,0.8255813953488388,,,,,false_negative
sample_64_hard_no_q01,sample_64,Did the doctor prescribe an antifungal cream?,hard_negative,0,0,1,,,,,,,,,,,,,,,,,,correct_no
sample_64_yes_q03,sample_64,"A moisturizing cream was prescribed, wasn't it?",positive,1,1,1,88.04,91.22,88.27,91.14,0.9025157232704438,I will prescribe a moisturizing cream for you.,will prescribe a moisturizing cream for you.,,,0.22999999999998977,-0.0799999999999983,0.9025157232704438,0.9202453987730047,0.9202453987730047,,0.9202453987730047,,strong
sample_64_hard_no_q03,sample_64,Were open sores found on the feet?,hard_negative,0,0,1,,,,,,,,,,,,,,,,,,correct_no
sample_64_hard_no_q04,sample_64,Was intense itching the main complaint?,hard_negative,0,0,1,,,,,,,,,,,,,,,,,,correct_no
sample_64_hard_no_q02,sample_64,Does the patient complain of dryness on the hands?,hard_negative,0,0,1,,,,,,,,,,,,,,,,,,correct_no
sample_64_hard_no_q05,sample_64,Was the skin problem assessed as eczema?,hard_negative,0,0,1,,,,,,,,,,,,,,,,,,correct_no
sample_64_yes_q02,sample_64,Did the examination rule out any wounds?,positive,1,1,1,0.0,0.16,60.06,64.44,0.0,Good,"is dry, with some light flaking. There are no sores.",,,60.06,64.28,27.37499999999997,0.625,0.0,,0.0,,nonoverlap_review_occurrence
sample_64_off_topic_q01,sample_64,Does the patient express a desire to change their employment status?,off_topic,0,0,1,,,,,,,,,,,,,,,,,,correct_no
sample_66_hard_no_q02,sample_66,Was the patient given a pneumococcal vaccination?,hard_negative,0,0,1,,,,,,,,,,,,,,,,,,correct_no
sample_66_yes_q03,sample_66,Was the vaccination given as part of diabetes care?,positive,1,1,1,31.34,35.18,31.33,35.1,0.9766233766233766,am here for the influenza vaccination as part of my diabetes care.,am here for the influenza vaccination as part of my diabetes care.,,,-0.010000000000001563,-0.0799999999999983,0.9817708333333341,0.9375000000000004,0.8591549295774652,,0.8591549295774652,,strong
sample_66_hard_no_q01,sample_66,Did a local reaction develop at the injection site?,hard_negative,0,0,1,,,,,,,,,,,,,,,,,,correct_no
sample_66_yes_q04,sample_66,"The diabetes status was described as stable, wasn't it?",positive,1,1,1,113.08,114.86,112.96,114.84,0.9263157894736841,diabetes status is stable,diabetes status is stable,,,-0.12000000000000455,-0.01999999999999602,1.0561797752809037,0.9021739130434747,0.790476190476191,,0.790476190476191,,strong
sample_66_hard_no_q03,sample_66,Was the patient's diabetes found to be unstable?,hard_negative,0,0,1,,,,,,,,,,,,,,,,,,correct_no
sample_66_off_topic_q01,sample_66,Is there any reference to the patient planning to watch a specific movie?,off_topic,0,0,1,,,,,,,,,,,,,,,,,,correct_no
sample_66_hard_no_q05,sample_66,Has follow-up been discontinued going forward?,hard_negative,0,0,1,,,,,,,,,,,,,,,,,,correct_no
sample_66_hard_no_q04,sample_66,Did the doctor decide to adjust the diabetes medication?,hard_negative,0,0,1,,,,,,,,,,,,,,,,,,correct_no
sample_66_yes_q02,sample_66,Is the patient free of any reaction after the injection?,positive,1,1,1,93.14,96.36,97.06,99.52,0.0,"Perfectly fine, thank you. Nothing out of the ordinary.",And I can see no reaction at all.,,,3.9200000000000017,3.1599999999999966,0.7639751552795014,0.8875739644970426,0.3744186046511623,,0.0,,nonoverlap_review_occurrence
sample_66_yes_q01,sample_66,Will the treatment continue without changes?,positive,1,1,1,116.96,122.94,121.24,127.5,0.16129032258064532,I take it there is nothing that needs adjusting nothing at all there are no changes to make today,are no changes to make today and looking ahead we continue with follow -up as planned,,,4.280000000000001,4.560000000000002,1.0468227424749166,0.9565217391304339,0.47235387045813576,,0.22796934865900315,,boundary_shift_or_partial
sample_67_hard_no_q02,sample_67,Has the patient been referred to a dietitian?,hard_negative,0,0,1,,,,,,,,,,,,,,,,,,correct_no
sample_67_yes_q02,sample_67,"The doctor described the diabetes as stable, right?",positive,1,1,1,70.32,72.42,71.17,72.48,0.5787037037037008,"together, your diabetes is stable,","your diabetes is stable,",,,0.8500000000000085,0.060000000000002274,0.6238095238095224,0.8857142857142819,0.6380952380952304,,0.6380952380952304,,too_narrow
sample_67_yes_q05,sample_67,Will the treatment be continued unchanged?,positive,1,1,1,89.12,90.98,89.39,90.8,0.7580645161290307,continue your treatment unchanged,continue your treatment unchanged,,,0.269999999999996,-0.18000000000000682,0.7580645161290307,0.7849462365591443,0.7849462365591443,,0.7849462365591443,,boundary_shift_or_partial
sample_67_off_topic_q01,sample_67,Was the patient planning to cook a specific dish for dinner mentioned?,off_topic,0,0,1,,,,,,,,,,,,,,,,,,correct_no
sample_67_yes_q04,sample_67,Is the patient's self-care considered good?,positive,1,1,1,72.78,74.44,73.05,74.46,0.8273809523809563,good self -care on your part.,good self -care on your part.,,,0.269999999999996,0.01999999999999602,0.8493975903614455,0.8795180722891547,0.8795180722891547,,0.8795180722891547,,boundary_shift_or_partial
sample_67_hard_no_q01,sample_67,Is the diabetes described as poorly controlled?,hard_negative,0,0,1,,,,,,,,,,,,,,,,,,correct_no
sample_67_yes_q01,sample_67,Does the patient say they are doing well?,positive,1,1,1,21.8,24.62,22.27,24.62,0.8333333333333337,"Good, honestly. I feel well.",honestly. I feel well.,,,0.46999999999999886,0.0,0.8333333333333337,0.8865248226950354,0.8865248226950354,,0.8865248226950354,,boundary_shift_or_partial
sample_67_yes_q06,sample_67,Is the patient sticking to the diet and lifestyle advice?,positive,1,1,1,25.36,27.72,25.37,27.72,0.9957627118644061,have kept to the diet and the lifestyle side of things.,have kept to the diet and the lifestyle side of things.,,,0.010000000000001563,0.0,0.9957627118644061,0.8898305084745771,0.8692307692307706,,0.8692307692307706,,strong
sample_67_yes_q07,sample_67,Has the weight remained stable?,positive,1,1,1,39.48,40.44,39.1,40.42,0.7014925373134384,weight is stable.,Your weight is stable.,,,-0.37999999999999545,-0.01999999999999602,1.3749999999999991,0.8333333333333296,0.5675675675675711,,0.5675675675675711,,boundary_shift_or_partial
sample_67_yes_q03,sample_67,Was the HbA1c 43 mmol/mol?,positive,1,1,1,51.68,55.5,51.75,55.5,0.981675392670157,hemoglobin A1c is 43 millimoles per mole.,hemoglobin A1c is 43 millimoles per mole.,,,0.07000000000000028,0.0,0.981675392670157,0.9162303664921465,0.9162303664921465,,0.8942307692307697,,strong
sample_69_yes_q02,sample_69,Does the patient feel well?,positive,1,1,1,30.92,33.08,30.94,33.04,0.9722222222222228,"Well, actually, I feel fine.","Well, actually, I feel fine.",,,0.019999999999999574,-0.03999999999999915,0.9722222222222228,0.855932203389829,0.855932203389829,,0.855932203389829,,strong
sample_69_yes_q01,sample_69,Was the blood pressure normal?,positive,1,1,1,42.5,43.68,42.25,43.72,0.8027210884353746,"blood pressure is normal,","Your blood pressure is normal,",,,-0.25,0.03999999999999915,1.2457627118644061,0.8644067796610138,0.70886075949367,,0.70886075949367,,boundary_shift_or_partial
sample_69_yes_q03,sample_69,Is the foot status normal?,positive,1,1,1,44.22,45.46,44.22,45.44,0.983870967741933,your foot status is normal.,your foot status is normal.,,,0.0,-0.020000000000003126,0.983870967741933,0.8235294117647096,0.8235294117647096,,0.8235294117647096,,strong
sample_69_yes_q04,sample_69,Will the regular check-ups be continued?,positive,1,1,1,68.26,69.96,68.93,70.0,0.5919540229885,plan is to continue your checkups,continue your checkups,,,0.6700000000000017,0.04000000000000625,0.6294117647058826,0.9411764705882466,0.6352941176470704,,0.6352941176470704,,too_narrow
sample_69_yes_q06,sample_69,"The diabetes was judged to be stable, right?",positive,1,1,1,57.68,58.9,57.69,58.96,0.9453124999999998,diabetes is stable,diabetes is stable,,,0.00999999999999801,0.060000000000002274,1.0409836065573805,0.9508196721311456,0.8805970149253753,,0.8805970149253753,,strong
sample_69_yes_q05,sample_69,Are there no signs of complications?,positive,1,1,1,59.28,60.52,59.33,60.38,0.8467741935483892,no signs of complications.,signs of complications.,,,0.04999999999999716,-0.14000000000000057,0.8467741935483892,0.7692307692307667,0.7692307692307667,,0.7692307692307667,,boundary_shift_or_partial
sample_69_hard_no_q01,sample_69,Were wounds discovered on the feet?,hard_negative,0,0,1,,,,,,,,,,,,,,,,,,correct_no
sample_69_off_topic_q01,sample_69,Does the patient express interest in changing their work schedule?,off_topic,0,0,1,,,,,,,,,,,,,,,,,,correct_no
sample_69_hard_no_q02,sample_69,Is blood pressure medication being started?,hard_negative,0,0,1,,,,,,,,,,,,,,,,,,correct_no
sample_69_hard_no_q03,sample_69,Have early complications of the diabetes been detected?,hard_negative,0,0,1,,,,,,,,,,,,,,,,,,correct_no
sample_70_yes_q04,sample_70,"The vaccination went as planned, didn't it?",positive,1,1,1,80.46000000000001,83.34,54.83,58.62,0.0,Then I can say that there were no side effects today.,"is the vaccination given, exactly as planned for this season.",,,-25.63000000000001,-24.720000000000006,1.315972222222224,0.9387755102040792,0.0,,0.0,,nonoverlap_review_occurrence
sample_70_yes_q06,sample_70,Was the vaccine actually given?,positive,1,1,1,54.54,56.32,54.83,58.62,0.3651960784313732,"That is the vaccination given,","is the vaccination given, exactly as planned for this season.",,,0.28999999999999915,2.299999999999997,2.1292134831460654,0.8736842105263184,0.43414634146341474,,0.43414634146341474,,too_wide
sample_70_hard_no_q03,sample_70,Was blood taken during the same visit?,hard_negative,0,0,1,,,,,,,,,,,,,,,,,,correct_no
sample_70_yes_q01,sample_70,Were no further measures decided on?,positive,1,1,1,116.98,118.92,113.27,116.16,0.0,extra measures from my side.,"for what comes next, nothing further is needed.",,,-3.710000000000008,-2.760000000000005,1.4896907216494866,0.8762886597938169,0.6825396825396831,,0.0,,nonoverlap_review_occurrence
sample_70_yes_q05,sample_70,Is this vaccination something the patient receives annually?,positive,1,1,1,19.48,25.54,19.4,23.28,0.6188925081433225,"are here for your yearly influenza vaccination, is that correct? Yes, the annual one.","are here for your yearly influenza vaccination, is that correct?",,,-0.08000000000000185,-2.259999999999998,0.6402640264026408,0.9702970297029709,0.5640243902439025,,0.5640243902439025,,too_narrow
sample_70_hard_no_q01,sample_70,Was the vaccination postponed to a later date?,hard_negative,0,0,1,,,,,,,,,,,,,,,,,,correct_no
sample_70_yes_q02,sample_70,Can the patient leave without any additional treatment?,positive,1,1,1,116.98,124.66,122.72,124.62,0.24739583333333431,extra measures from my side. So I just go home? Exactly. Nothing more follows from today's visit.,more follows from today's visit.,,,5.739999999999995,-0.03999999999999204,0.24739583333333431,0.9791666666666671,0.2604166666666669,,0.2604166666666669,,too_narrow
sample_70_off_topic_q01,sample_70,Did the patient discuss their college courses online?,off_topic,0,0,1,,,,,,,,,,,,,,,,,,correct_no
sample_70_yes_q03,sample_70,Is the patient free of side effects after the vaccine?,positive,1,1,1,80.46000000000001,83.34,79.75,83.32,0.796657381615594,Then I can say that there were no side effects today.,Then I can say that there were no side effects today.,,,-0.710000000000008,-0.020000000000010232,1.2395833333333328,0.9387755102040792,0.6934673366834141,,0.6934673366834141,,boundary_shift_or_partial
sample_70_hard_no_q02,sample_70,Is the patient asked to come back in a week for a second dose?,hard_negative,0,0,1,,,,,,,,,,,,,,,,,,correct_no
sample_71_hard_no_q02,sample_71,Has the patient been troubled by increased thirst?,hard_negative,0,0,1,,,,,,,,,,,,,,,,,,correct_no
sample_71_off_topic_q01,sample_71,Was the patient discussing their pet?,off_topic,0,0,1,,,,,,,,,,,,,,,,,,correct_no
sample_71_yes_q03,sample_71,Did the creatinine come back normal?,positive,1,1,1,78.86,80.46,78.74,80.44,0.9186046511627903,creatinine is normal.,Your creatinine is normal.,,,-0.12000000000000455,-0.01999999999999602,1.0625000000000056,0.8375000000000051,0.7789473684210583,,0.7789473684210583,,strong
sample_71_hard_no_q03,sample_71,Is the LDL cholesterol 4.2 mmol/L?,hard_negative,0,0,1,,,,,,,,,,,,,,,,,,correct_no
sample_71_yes_q04,sample_71,Was the HbA1c 42 mmol/mol?,positive,1,1,1,53.7,57.78,53.76,57.8,0.9804878048780509,hemoglobin A1c is 42 millimoles per mole.,hemoglobin A1c is 42 millimoles per mole.,,,0.05999999999999517,0.01999999999999602,0.9901960784313728,0.9411764705882365,0.896860986547085,,0.896860986547085,,strong
sample_71_hard_no_q01,sample_71,Did the creatinine turn out to be elevated?,hard_negative,0,0,1,,,,,,,,,,,,,,,,,,correct_no
sample_71_off_topic_q02,sample_71,"According to the conversation, was a specific type of sport played by the patient discussed?",off_topic,0,0,1,,,,,,,,,,,,,,,,,,correct_no
sample_71_yes_q05,sample_71,Are there no signs of complications?,positive,1,1,1,89.46,91.64,90.12,91.46,0.6146788990825619,there are no signs of complications,signs of complications,,,0.6600000000000108,-0.18000000000000682,0.6146788990825619,0.8333333333333354,0.6330275229357758,,0.6330275229357758,,too_narrow
sample_71_yes_q01,sample_71,Is the LDL cholesterol 2.2 mmol/L?,positive,1,1,1,70.34,74.32,70.66,74.34,0.9149999999999991,Your LDL cholesterol is 2 .2 mmol per liter.,LDL cholesterol is 2 .2 mmol per liter.,,,0.3199999999999932,0.020000000000010232,0.9246231155778936,0.9605911330049268,0.9605911330049268,,0.9605911330049268,,strong
sample_71_yes_q02,sample_71,"The diabetes was described as stable, right?",positive,1,1,1,85.68,88.92,87.52,88.92,0.4320987654321012,my assessment is that your diabetes is stable,diabetes is stable,,,1.8399999999999892,0.0,0.4320987654321012,0.9691358024691331,0.4444444444444444,,0.4444444444444444,,too_narrow
sample_75_off_topic_q01,sample_75,Does the conversation indicate the patient uses specific software?,off_topic,0,0,1,,,,,,,,,,,,,,,,,,correct_no
sample_75_yes_q01,sample_75,Does the patient deny any known exposure to COVID-19?,positive,1,1,1,45.06,46.48,44.9,46.42,0.8607594936708867,none that I know of.,"No, none that I know of.",,,-0.1600000000000037,-0.05999999999999517,1.070422535211274,0.7241379310344838,0.7241379310344838,,0.7241379310344838,,boundary_shift_or_partial
sample_75_yes_q02,sample_75,Is the patient also feeling tired?,positive,1,1,1,31.08,31.94,29.36,31.94,0.33333333333333426,have been tired.,"A sore throat, and I have been tired.",,,-1.7199999999999989,0.0,2.9999999999999916,0.7906976744186016,0.265734265734266,,0.265734265734266,,too_wide
sample_75_hard_no_q05,sample_75,Is a bacterial infection thought to be the most likely cause?,hard_negative,0,0,1,,,,,,,,,,,,,,,,,,correct_no
sample_75_yes_q04,sample_75,Were rest and fluids recommended?,positive,1,1,1,81.4,83.6,81.11,83.66,0.8627450980392122,plan is rest and plenty of fluids.,The plan is rest and plenty of fluids.,,,-0.29000000000000625,0.060000000000002274,1.1590909090909138,0.8636363636363706,0.7826086956521753,,0.7826086956521753,,boundary_shift_or_partial
sample_75_hard_no_q02,sample_75,Did the patient report a known exposure to COVID-19?,hard_negative,0,0,1,,,,,,,,,,,,,,,,,,correct_no
sample_75_hard_no_q03,sample_75,Will the patient be starting a course of antibiotics?,hard_negative,0,0,1,,,,,,,,,,,,,,,,,,correct_no
sample_75_yes_q03,sample_75,Has the patient had a sore throat for a few days?,positive,1,1,1,29.62,35.9,29.47,33.08,0.5381026438569203,"sore throat, and I have been tired. A few days now. A few days of sore throat and tiredness.","sore throat, and I have been tired. A few days now.",,,-0.15000000000000213,-2.8200000000000003,0.5748407643312103,0.9585987261146495,0.49266862170087916,,0.49266862170087916,,too_narrow
sample_75_hard_no_q04,sample_75,Was the patient found to have a fever?,hard_negative,0,0,1,,,,,,,,,,,,,,,,,,correct_no
sample_75_hard_no_q01,sample_75,Did the throat examination reveal pronounced swelling with pus?,hard_negative,0,0,1,,,,,,,,,,,,,,,,,,correct_no
sample_77_yes_q02,sample_77,Did the patient receive a tetanus vaccination?,positive,1,1,1,77.72,80.36,77.65,80.36,0.9741697416974194,have also given you a tetanus vaccination today.,have also given you a tetanus vaccination today.,,,-0.06999999999999318,0.0,1.026515151515149,0.9166666666666671,0.8466666666666688,,0.8466666666666688,,strong
sample_77_hard_no_q01,sample_77,Did the infection appear only two days after the injury?,hard_negative,0,0,1,,,,,,,,,,,,,,,,,,correct_no
sample_77_off_topic_q01,sample_77,Does the patient talk about using a digital device for online shopping?,off_topic,0,0,1,,,,,,,,,,,,,,,,,,correct_no
sample_77_yes_q03,sample_77,Was the infection judged to follow a penetrating trauma?,positive,1,1,1,49.56,52.96,46.48,48.94,0.0,"thorn broke the skin, and the infection came after that.",is an infection following the penetrating injury.,,,-3.0800000000000054,-4.020000000000003,0.7235294117647064,0.9470588235294118,0.48961424332344156,,0.0,,nonoverlap_review_occurrence
sample_77_yes_q07,sample_77,Have about two weeks passed since the injury?,positive,1,1,1,16.5,17.3,15.08,17.3,0.36036036036036057,two weeks ago,pricked it on a thorn about two weeks ago,,,-1.42,0.0,2.774999999999998,0.7954545454545455,0.2845528455284549,,0.2845528455284549,,too_wide
sample_77_yes_q04,sample_77,Did the trouble start after the patient pricked themselves on a thorn?,positive,1,1,1,15.14,19.3,15.27,19.2,0.9447115384615383,pricked it on a thorn about two weeks ago and now I think it has become infected.,pricked it on a thorn about two weeks ago and now I think it has become infected.,,,0.129999999999999,-0.10000000000000142,0.9447115384615383,0.9182692307692313,0.8878923766816144,,0.8878923766816144,,strong
sample_77_hard_no_q02,sample_77,Was a foreign body found in the toe?,hard_negative,0,0,1,,,,,,,,,,,,,,,,,,correct_no
sample_77_yes_q06,sample_77,"The patient was treated with penicillin, correct?",positive,1,1,1,67.84,69.56,67.69,69.5,0.8877005347593543,are treating it with penicillin.,We are treating it with penicillin.,,,-0.15000000000000568,-0.060000000000002274,1.052325581395351,0.8372093023255889,0.7572815533980585,,0.7572815533980585,,boundary_shift_or_partial
sample_77_yes_q05,sample_77,Is a foreign body ruled out?,positive,1,1,1,32.7,34.9,32.7,34.92,0.9909909909909895,There is no foreign body left in the toe.,There is no foreign body left in the toe.,,,0.0,0.020000000000003126,1.0090909090909106,0.8688524590163932,0.8688524590163932,,0.8688524590163932,,strong
sample_77_yes_q01,sample_77,Does the patient have an infection in the big toe?,positive,1,1,1,49.56,52.96,13.84,19.2,0.0,"thorn broke the skin, and the infection came after that.",big toe. I pricked it on a thorn about two weeks ago and now I think it has become infected.,,,-35.72,-33.760000000000005,1.5764705882352945,0.9470588235294118,0.0,,0.0,,nonoverlap_review_occurrence
sample_79_yes_q02,sample_79,Is chondromalacia patellae suspected on clinical grounds?,positive,1,1,1,82.96,87.4,81.86,86.96,0.7220216606498187,"suspect a condition called chondromalacia patelli,","describe, I suspect a condition called chondromalacia patelli,",,,-1.0999999999999943,-0.44000000000001194,1.1486486486486442,0.9020408163265299,0.8262711864406793,,0.639344262295082,,boundary_shift_or_partial
sample_79_hard_no_q03,sample_79,Has the patient been referred to a physiotherapist instead of further procedures?,hard_negative,0,0,1,,,,,,,,,,,,,,,,,,correct_no
sample_79_off_topic_q01,sample_79,Does the patient express interest in learning Spanish?,off_topic,0,0,1,,,,,,,,,,,,,,,,,,correct_no
sample_79_yes_q05,sample_79,Do the pains come and go rather than being constant?,positive,1,1,1,24.72,28.16,39.51,45.1,0.0,"keep getting pain behind my right kneecap, and it keeps coming back.","exactly. It comes and goes. Some days I barely notice it, and then it turns up again",,,14.79,16.94,1.6250000000000004,0.9244186046511623,0.0,,0.0,,nonoverlap_review_occurrence
sample_79_hard_no_q04,sample_79,Does the pain sit on the back of the thigh?,hard_negative,0,0,1,,,,,,,,,,,,,,,,,,correct_no
sample_79_yes_q03,sample_79,Does the patient have pain behind the kneecap?,positive,1,1,1,24.72,26.9,24.7,26.98,0.9561403508771924,"keep getting pain behind my right kneecap,","keep getting pain behind my right kneecap,",,,-0.019999999999999574,0.08000000000000185,1.0458715596330281,0.9082568807339453,0.8852459016393451,,0.8852459016393451,,strong
sample_79_yes_q01,sample_79,Did the patient show up in person for the consultation?,positive,1,1,1,0.0,2.8,0.26,2.7,0.8714285714285717,"Louise, come in. Good to see you.",come in. Good to see you.,,,0.26,-0.09999999999999964,0.8714285714285717,0.9285714285714287,0.9285714285714287,,0.9285714285714287,,boundary_shift_or_partial
sample_79_hard_no_q02,sample_79,Was the diagnosis of chondromalacia patellae confirmed by an MRI scan?,hard_negative,0,0,1,,,,,,,,,,,,,,,,,,correct_no
sample_79_hard_no_q01,sample_79,Are the knee pains constant throughout the day?,hard_negative,0,0,1,,,,,,,,,,,,,,,,,,correct_no
sample_79_yes_q04,sample_79,Was the suspicion reached without imaging?,positive,1,1,1,80.88,87.4,102.23,107.08,0.0,"From what you describe, I suspect a condition called chondromalacia patelli,","want to be clear that this is a clinical suspicion at this stage, not something confirmed.",,,21.35000000000001,19.679999999999993,0.7438650306748446,0.9055555555555567,0.0,,0.0,,nonoverlap_review_occurrence
sample_81_yes_q02,sample_81,Is a viral cause thought to be the most likely explanation?,positive,1,1,1,63.88,68.32,63.92,68.14,0.9504504504504522,assessment is that this is most likely a viral gastroenteritis.,assessment is that this is most likely a viral gastroenteritis.,,,0.03999999999999915,-0.1799999999999926,0.9504504504504522,0.9099099099099133,0.8559670781893025,,0.8559670781893025,,strong
sample_81_hard_no_q02,sample_81,Has the patient been given antibiotics for the illness?,hard_negative,0,0,1,,,,,,,,,,,,,,,,,,correct_no
sample_81_hard_no_q04,sample_81,Is admission to hospital part of the plan?,hard_negative,0,0,1,,,,,,,,,,,,,,,,,,correct_no
sample_81_yes_q03,sample_81,Did the patient receive advice about fluid intake?,positive,1,1,1,86.58,89.34,86.45,90.92,0.6174496644295315,I want to give you instead is advice on fluid intake,I want to give you instead is advice on fluid intake and on treating the symptoms.,,,-0.12999999999999545,1.5799999999999983,1.6195652173913009,0.9148936170212736,0.5679012345679023,,0.5679012345679023,,too_wide
sample_81_hard_no_q01,sample_81,Is the patient complaining of chest symptoms?,hard_negative,0,0,1,,,,,,,,,,,,,,,,,,correct_no
sample_81_yes_q01,sample_81,Does the patient describe symptoms of gastroenteritis?,positive,1,1,1,12.62,14.64,10.52,14.54,0.466019417475728,the usual gastroenteritis symptoms.,"looks like a stomach bug, honestly. All the usual gastroenteritis symptoms.",,,-2.0999999999999996,-0.10000000000000142,1.9900990099009885,0.8118811881188107,0.3991228070175439,,0.3991228070175439,,too_wide
sample_81_yes_q04,sample_81,Was gastroenteritis the diagnosis arrived at?,positive,1,1,1,63.88,68.32,63.92,68.14,0.9504504504504522,assessment is that this is most likely a viral gastroenteritis.,assessment is that this is most likely a viral gastroenteritis.,,,0.03999999999999915,-0.1799999999999926,0.9504504504504522,0.9099099099099133,0.8559670781893025,,0.8559670781893025,,strong
sample_81_off_topic_q01,sample_81,Does the conversation indicate the patient discussed their recent purchase of groceries?,off_topic,0,0,1,,,,,,,,,,,,,,,,,,correct_no
sample_81_hard_no_q03,sample_81,Was the patient told to restrict fluid intake?,hard_negative,0,0,1,,,,,,,,,,,,,,,,,,correct_no
sample_81_hard_no_q05,sample_81,Was a bacterial cause considered the most likely one?,hard_negative,0,0,1,,,,,,,,,,,,,,,,,,correct_no
sample_82_hard_no_q02,sample_82,Was the growth suspected to be a basal cell carcinoma?,hard_negative,0,0,1,,,,,,,,,,,,,,,,,,correct_no
sample_82_hard_no_q01,sample_82,Were seven small lesions counted in the area?,hard_negative,0,0,1,,,,,,,,,,,,,,,,,,correct_no
sample_82_off_topic_q01,sample_82,Does the patient express interest in using a particular software?,off_topic,0,0,1,,,,,,,,,,,,,,,,,,correct_no
sample_82_hard_no_q03,sample_82,Has a cream been prescribed as the treatment?,hard_negative,0,0,1,,,,,,,,,,,,,,,,,,correct_no
sample_82_off_topic_q02,sample_82,Did they talk about the weather being unusually hot?,off_topic,0,0,1,,,,,,,,,,,,,,,,,,correct_no
sample_82_hard_no_q04,sample_82,Will the lesions be removed surgically?,hard_negative,0,0,1,,,,,,,,,,,,,,,,,,correct_no
sample_82_yes_q03,sample_82,"The lesions will be treated with freezing, right?",positive,1,1,1,65.96,67.4,65.68,67.42,0.827586206896561,will treat them with freezing.,I will treat them with freezing.,,,-0.2799999999999869,0.01999999999999602,1.2083333333333197,0.8194444444444325,0.7157894736842081,,0.7157894736842081,,boundary_shift_or_partial
sample_82_yes_q01,sample_82,Do the elements resemble molluscs?,positive,1,0,0,52.66,55.56,,,0.0,suspicion is is molluscum contagiosum.,,,,,,,0.9034482758620663,,,,,false_negative
sample_82_yes_q02,sample_82,Has the patient noticed a wart-like growth?,positive,1,1,1,27.16,28.46,24.73,28.5,0.3448275862068968,looks a bit like a wart.,have a growth in the middle of my chest. It looks a bit like a wart.,,,-2.4299999999999997,0.03999999999999915,2.899999999999998,0.846153846153844,0.29951690821255994,,0.29951690821255994,,too_wide
sample_82_yes_q04,sample_82,Were three small lesions seen in the same area of the thorax?,positive,1,1,1,40.24,45.36,40.8,45.36,0.8906250000000009,can see three small lesions all in the same area on the chest wall,three small lesions all in the same area on the chest wall,,,0.5599999999999952,0.0,0.8906250000000009,0.9687500000000007,0.9687500000000007,,0.9687500000000007,,boundary_shift_or_partial
sample_84_hard_no_q01,sample_84,Is the check-up being done because the patient has symptoms from the heart?,hard_negative,0,0,1,,,,,,,,,,,,,,,,,,correct_no
sample_84_hard_no_q02,sample_84,Does the patient say that exercise is something they rarely do?,hard_negative,0,0,1,,,,,,,,,,,,,,,,,,correct_no
sample_84_off_topic_q01,sample_84,Was the patient referred to Doctor Strange for magical treatment?,off_topic,0,0,1,,,,,,,,,,,,,,,,,,correct_no
sample_84_yes_q02,sample_84,Was it the patient's grandfather who died of a heart attack?,positive,1,1,1,20.3,23.42,20.16,23.48,0.9397590361445786,"grandfather on my father's side died of a heart attack,","grandfather on my father's side died of a heart attack,",,,-0.14000000000000057,0.05999999999999872,1.0641025641025639,0.9743589743589738,0.8508287292817672,,0.8508287292817672,,strong
sample_84_yes_q04,sample_84,Does the patient exercise regularly?,positive,1,1,1,78.28,79.52,78.37,82.32,0.28465346534653313,train regularly.,"train regularly. That part I am actually consistent about,",,,0.09000000000000341,2.799999999999997,3.185483870967746,0.6774193548387152,0.28971962616822305,,0.28971962616822305,,too_wide
sample_84_yes_q06,sample_84,Will both blood tests and an ECG be carried out?,positive,1,1,1,193.64,201.3,193.71,198.04,0.5652741514360274,"will take blood samples, and I will record an electrocardiogram, which is a tracing of the heart's electrical activity.","will take blood samples, and I will record an electrocardiogram,",,,0.0700000000000216,-3.2600000000000193,0.5652741514360274,0.9399477806788503,0.9081885856079429,,0.5334987593052122,,too_narrow
sample_84_yes_q05,sample_84,Was the blood pressure measured at 138 over 83?,positive,1,1,1,119.92,122.96,119.84,122.84,0.9358974358974393,have measured it at 138 over 83.,have measured it at 138 over 83.,,,-0.0799999999999983,-0.11999999999999034,0.9868421052631605,0.9013157894736848,0.8197674418604637,,0.8197674418604637,,strong
sample_84_yes_q01,sample_84,Does the patient report cardiovascular disease in the family?,positive,1,1,1,27.86,31.68,31.71,37.14,0.0,there is cardiovascular disease in your family? Yes.,"And ever since I worked that out, I have not been able to stop thinking about it.",,,3.8500000000000014,5.460000000000001,1.4214659685863873,0.9214659685863873,0.3248299319727892,,0.061002178649237335,,nonoverlap_review_occurrence
sample_84_yes_q03,sample_84,Did that grandfather die at the age of 52?,positive,1,1,1,20.3,25.38,20.35,25.38,0.9901574803149605,"grandfather on my father's side died of a heart attack, and he was only 52. too.","grandfather on my father's side died of a heart attack, and he was only 52. too.",,,0.05000000000000071,0.0,0.9901574803149605,0.9805447470817118,0.8924731182795702,,0.8924731182795702,,strong
sample_84_yes_q07,sample_84,Is the patient otherwise healthy and living a healthy life?,positive,1,1,1,69.72,79.52,69.91,75.86,0.6071428571428577,"am healthy, as far as I know. No illnesses at all. I eat well and I look after myself. And exercise? exercise? I train regularly.","healthy, as far as I know. No illnesses at all. I eat well and I look after myself.",,,0.18999999999999773,-3.6599999999999966,0.6071428571428577,0.9714285714285728,0.5886939571150108,,0.5886939571150108,,too_narrow
sample_86_off_topic_q01,sample_86,Does the conversation mention a specific dish the patient plans to cook for dinner?,off_topic,0,0,1,,,,,,,,,,,,,,,,,,correct_no
sample_86_yes_q01,sample_86,Is the patient free of fever?,positive,1,1,1,35.14,35.74,35.16,37.4,0.25663716814159554,No fever.,No fever. Nothing like that at all.,,,0.01999999999999602,1.6599999999999966,3.7333333333333276,0.6341463414634095,0.25210084033613556,,0.25210084033613556,,too_wide
sample_86_hard_no_q03,sample_86,Is the tenderness in the area described as severe?,hard_negative,0,0,1,,,,,,,,,,,,,,,,,,correct_no
sample_86_hard_no_q01,sample_86,Has surgery been scheduled to remove the swelling?,hard_negative,0,0,1,,,,,,,,,,,,,,,,,,correct_no
sample_86_hard_no_q05,sample_86,Were both testicles found to be enlarged and abnormal?,hard_negative,0,0,1,,,,,,,,,,,,,,,,,,correct_no
sample_86_hard_no_q04,sample_86,Did the patient have a fever when he came in?,hard_negative,0,1,0,,,35.16,37.4,,,No fever. Nothing like that at all.,,,,,,,,,,,false_positive
sample_86_yes_q03,sample_86,"Both testicles felt normal at the examination, correct?",positive,1,1,1,66.5,69.94,66.45,69.9,0.9742120343839572,testicles themselves feel normal to me on both sides.,testicles themselves feel normal to me on both sides.,,,-0.04999999999999716,-0.03999999999999204,1.0029069767441876,0.9186046511627903,0.8549222797927455,,0.8549222797927455,,strong
sample_86_hard_no_q02,sample_86,Does the doctor suspect a testicular torsion?,hard_negative,0,0,1,,,,,,,,,,,,,,,,,,correct_no
sample_86_hard_no_q06,sample_86,Was the swelling located on the left side of the scrotum?,hard_negative,0,0,1,,,,,,,,,,,,,,,,,,correct_no
sample_86_yes_q02,sample_86,Was a small swelling found around the epididymis?,positive,1,1,1,50.66,54.7,51.12,54.78,0.8689320388349518,"I can feel a small swelling around the epididymis on the right,","can feel a small swelling around the epididymis on the right,",,,0.46000000000000085,0.0799999999999983,0.9059405940594054,0.9801980198019788,0.9801980198019788,,0.9801980198019788,,boundary_shift_or_partial
sample_90_yes_q04,sample_90,Does the doctor consider the change harmless?,positive,1,1,1,27.84,28.98,26.9,28.96,0.5384615384615384,change looks harmless.,"the picture, the change looks harmless.",,,-0.9400000000000013,-0.019999999999999574,1.8070175438596503,0.8947368421052624,0.7846153846153838,,0.4434782608695649,,too_wide
sample_90_hard_no_q01,sample_90,Did the doctor find the change suspicious?,hard_negative,0,0,1,,,,,,,,,,,,,,,,,,correct_no
sample_90_off_topic_q01,sample_90,Does the patient talk about their job responsibilities?,off_topic,0,0,1,,,,,,,,,,,,,,,,,,correct_no
sample_90_yes_q03,sample_90,Did the patient notice a new mole?,positive,1,1,1,14.46,16.42,14.71,17.76,0.5181818181818183,"I have got a new mole on my thigh,","have got a new mole on my thigh, and it is quite large.",,,0.25,1.3399999999999999,1.5561224489795915,0.9509803921568613,0.5975609756097565,,0.5975609756097565,,too_wide
sample_90_hard_no_q03,sample_90,Is the new mole sitting on the back?,hard_negative,0,0,1,,,,,,,,,,,,,,,,,,correct_no
sample_90_yes_q01,sample_90,Was a photo sent in for assessment?,positive,1,1,1,10.46,12.1,10.37,12.68,0.7099567099567092,"sent a photograph through to us,","sent a photograph through to us, is that right?",,,-0.09000000000000163,0.5800000000000001,1.408536585365855,0.9634146341463422,0.8181818181818176,,0.666666666666666,,boundary_shift_or_partial
sample_90_yes_q05,sample_90,Has the doctor reviewed the photograph?,positive,1,1,1,20.08,21.92,20.03,21.84,0.9312169312169317,have looked at the photograph carefully.,have looked at the photograph carefully.,,,-0.04999999999999716,-0.08000000000000185,0.9836956521739105,0.8586956521739105,0.7980769230769225,,0.7980769230769225,,strong
sample_90_off_topic_q02,sample_90,Does the patient mention owning a cat?,off_topic,0,0,1,,,,,,,,,,,,,,,,,,correct_no
sample_90_hard_no_q02,sample_90,Does the patient describe the mole as small and unchanged?,hard_negative,0,0,1,,,,,,,,,,,,,,,,,,correct_no
sample_90_yes_q02,sample_90,Is the mole located on the thigh?,positive,1,1,1,14.46,16.42,14.71,17.76,0.5181818181818183,"I have got a new mole on my thigh,","have got a new mole on my thigh, and it is quite large.",,,0.25,1.3399999999999999,1.5561224489795915,0.9509803921568613,0.6836734693877539,,0.5975609756097565,,too_wide
sample_92_off_topic_q01,sample_92,At any point does the patient talk about their pet?,off_topic,0,0,1,,,,,,,,,,,,,,,,,,correct_no
sample_92_hard_no_q02,sample_92,Has the result of the urine analysis already come back?,hard_negative,0,0,1,,,,,,,,,,,,,,,,,,correct_no
sample_92_hard_no_q03,sample_92,Is the pulse recorded as 92?,hard_negative,0,0,1,,,,,,,,,,,,,,,,,,correct_no
sample_92_yes_q03,sample_92,Has a urine sample been sent off for albumin/creatinine ratio analysis?,positive,1,1,1,108.62,110.98,108.86,115.94,0.2896174863387987,sending a urine sample for analysis.,sending a urine sample for analysis. What are they looking for? The ratio between albumin and creatinine.,,,0.23999999999999488,4.959999999999994,3.0,0.8644067796610198,0.30412371134020594,,0.30412371134020594,,too_wide
sample_92_yes_q02,sample_92,Does the patient work as a staff manager in a retail chain?,positive,1,1,1,74.38,78.22,72.87,79.18,0.6085578446909671,work is still the staff manager role in the retail chain? Yes.,a good deal. And work is still the staff manager role in the retail chain? Yes. Still that.,,,-1.509999999999991,0.960000000000008,1.6432291666666659,0.9692307692307681,0.6547085201793735,,0.556521739130436,,too_wide
sample_92_hard_no_q04,sample_92,Are the patient's exercise habits limited to less than an hour a week?,hard_negative,0,0,1,,,,,,,,,,,,,,,,,,correct_no
sample_92_yes_q01,sample_92,Did the patient ask to have his cholesterol level checked?,positive,1,1,1,23.24,26.38,23.21,26.3,0.9652996845425881,"cholesterol, I think. I would like the level checked.","cholesterol, I think. I would like the level checked.",,,-0.029999999999997584,-0.0799999999999983,0.9840764331210189,0.8980891719745222,0.845714285714286,,0.845714285714286,,strong
sample_92_off_topic_q02,sample_92,Is there any reference to the patient using specific software for work?,off_topic,0,0,1,,,,,,,,,,,,,,,,,,correct_no
sample_92_yes_q04,sample_92,Was the previous LDL value 3.9?,positive,1,1,1,30.92,33.0,31.09,35.94,0.3804780876494027,LDL was 3 .9.,"LDL was 3 .9. That was back in 2021, I believe.",,,0.16999999999999815,2.9399999999999977,2.33173076923077,0.8942307692307697,0.39393939393939326,,0.39393939393939326,,too_wide
sample_92_hard_no_q01,sample_92,Was the blood pressure measured at 160/95?,hard_negative,0,0,1,,,,,,,,,,,,,,,,,,correct_no
sample_95_hard_no_q05,sample_95,Does the plan involve a check every third month from now on?,hard_negative,0,0,1,,,,,,,,,,,,,,,,,,correct_no
sample_95_hard_no_q03,sample_95,Have the results of the blood tests already been gone through?,hard_negative,0,0,1,,,,,,,,,,,,,,,,,,correct_no
sample_95_yes_q02,sample_95,Were blood tests taken at this visit?,positive,1,1,1,38.92,40.52,38.8,41.92,0.5128205128205126,have taken your blood test today,have taken your blood test today as part of the follow -up.,,,-0.12000000000000455,1.3999999999999986,1.950000000000001,0.9000000000000022,0.4761904761904767,,0.4761904761904767,,too_wide
sample_95_yes_q03,sample_95,Has the patient been free of side effects?,positive,1,1,1,25.52,27.76,27.4,29.12,0.10000000000000078,any side effects at all? None.,None. Nothing I have noticed.,,,1.879999999999999,1.3599999999999994,0.7678571428571432,0.9478260869565214,0.5544554455445551,,0.15428571428571505,,boundary_shift_or_partial
sample_95_off_topic_q01,sample_95,Does the patient talk about having a pet hamster?,off_topic,0,0,1,,,,,,,,,,,,,,,,,,correct_no
sample_95_hard_no_q04,sample_95,Was the follow-up handled by telephone?,hard_negative,0,0,1,,,,,,,,,,,,,,,,,,correct_no
sample_95_yes_q01,sample_95,"The treatment is considered well tolerated, right?",positive,1,1,1,32.22,34.26,31.82,34.26,0.8360655737704923,can say the treatment is well tolerated.,So we can say the treatment is well tolerated.,,,-0.3999999999999986,0.0,1.1960784313725483,0.9417475728155351,0.7185185185185179,,0.7185185185185179,,boundary_shift_or_partial
sample_95_hard_no_q02,sample_95,Is the treatment being stopped because it is poorly tolerated?,hard_negative,0,0,1,,,,,,,,,,,,,,,,,,correct_no
sample_95_hard_no_q01,sample_95,Did the patient report muscle pain as a side effect?,hard_negative,0,0,1,,,,,,,,,,,,,,,,,,correct_no
sample_95_hard_no_q06,sample_95,Has the dose been increased at this consultation?,hard_negative,0,0,1,,,,,,,,,,,,,,,,,,correct_no
